acquiror,date,url
/organization/1-800-flowers-com,Sep 2, 2014,/organization/harry-and-david
/organization/activision,Jan 4, 2016,/organization/major-league-gaming
Nov 2, 2015,/organization/king
Apr 6, 2009,/organization/california-7-studios
Nov 10, 2008,/organization/budcat-creations
Mar 6, 2007,/organization/demonware
/organization/adobe-systems,Nov 5, 2015,/organization/digital-analytix
Jun 1, 2015,/organization/mixamo
Dec 11, 2014,/organization/fotolia
Sep 22, 2014,/organization/aviary
Jun 27, 2013,/organization/neolane
May 28, 2013,/organization/ideacodes
May 22, 2013,/organization/thumb-labs
Dec 20, 2012,/organization/behance
Nov 30, 2011,/organization/efficient-frontier
Nov 1, 2011,/organization/auditude
Oct 3, 2011,/organization/nitobi-software
Oct 3, 2011,/organization/typekit
Sep 7, 2011,/organization/iridas
Jul 18, 2011,/organization/echosign
Jan 18, 2011,/organization/demdex
Jul 28, 2010,/organization/day-software
Sep 15, 2009,/organization/omniture
Aug 31, 2009,/organization/goodbarry
Sep 15, 2008,/organization/yawah
Sep 30, 2007,/organization/virtual-ubiquity
May 3, 2007,/organization/sence7
Dec 13, 2006,/organization/antepo
Oct 20, 2006,/organization/serious-magic
Sep 5, 2006,/organization/interakt
Jun 26, 2006,/organization/pixmantec
Apr 21, 2006,/organization/trade-and-technologies-france
2006,/organization/amicima
Dec 16, 2005,/organization/navisware
Dec 3, 2005,/organization/macromedia
Dec 7, 2004,/organization/okyz
May 7, 2004,/organization/q-link-technologies
Apr 15, 2002,/organization/accelio-corporation
Dec 5, 2001,/organization/fotiva
Jan 4, 1999,/organization/golive-systems
Sep 16, 1997,/organization/digidox
Sep 5, 1997,/organization/hyway-ferranti
Mar 14, 1997,/organization/sandcastle
May 20, 1996,/organization/ares-software
Oct 30, 1995,/organization/frame-technology
1995,/organization/photoshop
Aug 31, 1994,/organization/aldus-corp
Jun 29, 1992,/organization/ocr-systems
Jun 20, 1990,/organization/bluepoint-technologies
Mar 19, 1990,/organization/emerald-city-software
/organization/akamai-technologies,Nov 2, 2015,/organization/bloxx
Apr 6, 2015,/organization/octoshape
Mar 2, 2015,/organization/xerocole-inc
Feb 18, 2014,/organization/prolexic
Nov 13, 2012,/organization/verivue
Sep 13, 2012,/organization/fastsoft
Feb 8, 2012,/organization/blaze-io
Nov 27, 2011,/organization/cotendo
Jun 10, 2010,/organization/velocitude
Oct 21, 2008,/organization/acerno
Apr 12, 2007,/organization/red-swoosh
Feb, 2007,/organization/netli
Jun, 2005,/organization/speedera-networks
/organization/alarm-com,May 10, 2013,/organization/energyhub
/organization/altera,May 14, 2013,/organization/enpirion
Apr, 2013,/organization/tpack
/organization/amazon,Feb 16, 2016,/organization/emvantage-payments
Feb 11, 2016,/organization/nice-3
Sep 25, 2015,/organization/safaba-translation-solutions
Sep 3, 2015,/organization/elemental-technologies
Apr 30, 2015,/organization/clusterk
Apr 10, 2015,/organization/shoefitr
Apr 10, 2015,/organization/amiato
Mar 12, 2015,/organization/2lemetry
Jan 22, 2015,/organization/annapurna-labs
Oct 27, 2014,/organization/rooftopcomedy
Aug 25, 2014,/organization/twitch
Apr 10, 2014,/organization/comixology
Feb 6, 2014,/organization/double-helix-games
Dec 16, 2013,/organization/gopago
Oct 1, 2013,/organization/tenmarks-education
May 13, 2013,/organization/liquavista
May 13, 2013,/organization/screentech
Apr 17, 2013,/organization/evi
Mar 29, 2013,/organization/goodreads
Jan 24, 2013,/organization/ivona-text-to-speech
Jul 2, 2012,/organization/upnext
Jun 15, 2012,/organization/lovefilm
Mar 19, 2012,/organization/kiva-systems
Jan 31, 2012,/organization/teachstreet
Dec 28, 2011,/organization/quorus
Sep 8, 2011,/organization/yap
Jul 28, 2011,/organization/pushbutton
Jul 4, 2011,/organization/the-book-depository
Nov 8, 2010,/organization/quidsi
Oct 7, 2010,/organization/buyvip
Sep 22, 2010,/organization/amiestreet
Jun 30, 2010,/organization/woot
Feb 3, 2010,/organization/touchco
Jul 22, 2009,/organization/zappos
Jun 16, 2009,/organization/snaptell
Apr, 2009,/organization/lexcycle
Oct 22, 2008,/organization/reflexive-entertainment
Aug 25, 2008,/organization/shelfari
Aug 1, 2008,/organization/abebooks
Jun 25, 2008,/organization/fabric-com
Jan 31, 2008,/organization/audible
Jan 18, 2008,/organization/without-a-box
May 23, 2007,/organization/brilliance-audio
May 1, 2007,/organization/dpreview
Feb 27, 2006,/organization/shopbop
2006,/organization/textpayme
Jul 8, 2005,/organization/customflix
Apr 21, 2005,/organization/mobipocket-com
Apr 4, 2005,/organization/booksurge
2003,/organization/cdnow
Dec 1, 2001,/organization/ourhouse-com
Jun 11, 1999,/organization/accept-com
May 23, 1999,/organization/alexa
Apr 26, 1999,/organization/exchange-com
Apr 12, 1999,/organization/livebid
Oct 15, 1998,/organization/bookpages
Aug 4, 1998,/organization/junglee
1998,/organization/imdb
/organization/analog-devices,Jun 9, 2014,/organization/hittite-microwave
Mar 30, 2012,/organization/multigig
/organization/anoto-group,Nov 6, 2015,/organization/livescribe
/organization/applied-materials,May 4, 2011,/organization/varian-semiconductor-equipment-associates
Nov 6, 2009,/organization/advent-solar
/organization/arrow-electronics,Aug 27, 2013,/organization/computerlinks
May 2, 2011,/organization/cross-telecom
Jan 3, 2011,/organization/nu-horizons-electronics
Dec 16, 2010,/organization/intechra-holdings
Dec 6, 2010,/organization/diasa-informtica
2010,/organization/verical
/organization/apple,Feb 3, 2016,/organization/legbacore
Jan 29, 2016,/organization/flyby-media
Jan 28, 2016,/organization/learnsprout
Jan 7, 2016,/organization/emotient
Nov 24, 2015,/organization/faceshift
Oct 5, 2015,/organization/perceptio
Oct 2, 2015,/organization/vocaliq
Sep 15, 2015,/organization/mapsense
Jun 26, 2015,/organization/privaris
May 28, 2015,/organization/metaio
May 18, 2015,/organization/coherent-navigation
Apr 14, 2015,/organization/linximaging
Apr 8, 2015,/organization/dryft
Apr 7, 2015,/organization/ottocat
Mar 24, 2015,/organization/foundationdb
Feb 24, 2015,/organization/camel-audio
Jan 21, 2015,/organization/semetric
Nov 3, 2014,/organization/union-bay-networks
Sep 23, 2014,/organization/prss
Jul 28, 2014,/organization/concept-io
Jul 25, 2014,/organization/booklamp
Jun 6, 2014,/organization/spotsetter
May 28, 2014,/organization/beats-by-dr-dre
May 2, 2014,/organization/luxvue-technology
Apr 4, 2014,/organization/novauris
Feb 21, 2014,/organization/burstly
Jan 4, 2014,/organization/snappycam
Dec 2, 2013,/organization/topsy-labs
Oct 4, 2013,/organization/cue
Aug 28, 2013,/organization/algotrim
Aug 22, 2013,/organization/embark
Aug 13, 2013,/organization/matcha
Aug 1, 2013,/organization/passif-semiconductor
Jul 19, 2013,/organization/hopstop-com
Jul 19, 2013,/organization/locationary
Jul 18, 2013,/organization/primesense
Mar 24, 2013,/organization/wifislam
2013,/organization/catch-com
Nov 12, 2012,/organization/color-labs
Oct 18, 2012,/organization/particle
Jul 27, 2012,/organization/authentec
Jul 2, 2012,/organization/mog
Feb 23, 2012,/organization/chomp
Dec 13, 2011,/organization/anobit-technologies
Sep 20, 2010,/organization/polarrose
Jul, 2010,/organization/poly9
Jul, 2010,/organization/imsense
Apr 28, 2010,/organization/siri
Apr 27, 2010,/organization/intrinsity
Jan 5, 2010,/organization/quattro-wireless
Dec 5, 2009,/organization/lala
Jul, 2009,/organization/placebase
Apr 23, 2008,/organization/pa-semi
Dec 5, 2006,/organization/proximity
Oct 16, 2006,/organization/silicon-color
Jan 22, 2005,/organization/fingerworks
Jul 1, 2002,/organization/emagic
Jun 20, 2002,/organization/propel-software
Apr 4, 2002,/organization/zayante
Feb 7, 2002,/organization/nothing-real
Jul 9, 2001,/organization/spruce-technologies
Mar 13, 2001,/organization/powerschool
Jan 7, 2000,/organization/netselector
Nov 2, 1999,/organization/raycer-graphics
Jan 8, 1999,/organization/xemplar-education
Feb 7, 1997,/organization/next-computer
Dec 20, 1996,/organization/next
Jan 3, 1989,/organization/coral-software
Jul 11, 1988,/organization/nashoba-systems
Jun 27, 1988,/organization/styleware
Jun 7, 1988,/organization/orion-network-systems
Mar 2, 1988,/organization/network-innovations
/organization/at-t,Dec 30, 2015,/organization/carrier-iq
Jul 24, 2015,/organization/directv
Jan 27, 2015,/organization/nextel-mexico
Nov 7, 2014,/organization/iusacell
Jul 12, 2013,/organization/leap-wireless
Aug 2, 2012,/organization/nextwave-wireless
Sep 26, 2011,/organization/superclick-networks
Dec 6, 2010,/organization/xanboo
Nov 6, 2009,/organization/centennial-communications-corp
Sep 30, 2009,/organization/plusmo
Feb 22, 2009,/organization/sterling-commerce
Nov 10, 2008,/organization/wayport
Dec 4, 2007,/organization/edge-wireless
Nov 15, 2007,/organization/dobson-communications
Dec, 2006,/organization/infreeda
Nov 1, 2004,/organization/yellowpages
/organization/adp,Feb 1, 2003,/organization/elabor
/organization/autodesk,Sep 24, 2015,/organization/netfabb
Aug 27, 2015,/organization/seecontrol
Apr, 2015,/organization/synthicity
Mar 19, 2015,/organization/modio
Nov 20, 2014,/organization/lagoa
Mar 19, 2014,/organization/colourlovers
Mar 19, 2014,/organization/creativemarket
May 5, 2013,/organization/tinkercad
Mar 19, 2013,/organization/firehole-composites
Feb 1, 2013,/organization/allpoint-systems
Oct 4, 2012,/organization/qontext
Aug 28, 2012,/organization/inforbix
Jul 17, 2012,/organization/socialcam
Jun 9, 2012,/organization/vela-systems
Dec 16, 2011,/organization/horizontal-systems
Aug 25, 2011,/organization/numenus
Aug 22, 2011,/organization/evolver
Aug 1, 2011,/organization/instructables
Jul 19, 2011,/organization/pixlr
Mar 1, 2011,/organization/scaleform
Feb 17, 2011,/organization/blue-ridge-numerics
Dec 20, 2010,/organization/wild-pockets
Dec 3, 2010,/organization/simopsstudios
Jul 21, 2010,/organization/illuminate-labs
Dec 17, 2009,/organization/planplatform
Dec 17, 2008,/organization/algor
Oct 23, 2008,/organization/softimage
Sep 9, 2008,/organization/3d-geo
May 1, 2008,/organization/moldflow
Feb 19, 2008,/organization/kynogon
Aug, 2007,/organization/cumulate-labs
Sep 7, 2006,/organization/robobat
Oct 5, 2005,/organization/alias-wavefront
Feb 21, 2002,/organization/revit-technology-corporation
/organization/avago-technologies,May 28, 2015,/organization/broadcom
Feb 25, 2015,/organization/emulex
Jun 23, 2014,/organization/plx-technology
Dec 16, 2013,/organization/lsi
Apr 19, 2013,/organization/javelin-semiconductor
Apr 11, 2013,/organization/cyoptics
/organization/avnet,Jan 6, 2016,/organization/exitcertified
Sep 30, 2015,/organization/orchestra-service
Jun 10, 2013,/organization/seamless-technologies
Mar 20, 2013,/organization/rti-holdings
Oct 20, 2012,/organization/brightstar-partners
Jul 2, 2012,/organization/the-magirus-group
Nov 10, 2011,/organization/pinnacle-data-systems
Aug 1, 2011,/organization/prospect-technology
Aug 1, 2011,/organization/j-c-tally-trading
Aug 12, 2010,/organization/itx-group
Mar 29, 2010,/organization/bell-microproducts
Jan 10, 2008,/organization/azzurri-technology
Apr 28, 2005,/organization/memec
/organization/baidu,Apr 16, 2015,/organization/anquanbao
Dec 27, 2013,/organization/beijing-huanxiang-zongheng-chinese-literature
Jul 15, 2013,/organization/91-boyuan-wireles
May 7, 2013,/organization/pps
Feb 13, 2013,/organization/trustgo
Sep 16, 2004,/organization/hao123-com
/organization/broadcom,Jan 30, 2013,/organization/broadlogic
Mar 21, 2012,/organization/broadlight
Sep 12, 2011,/organization/netlogic-microsystems
May 9, 2011,/organization/scsquare
Mar 21, 2011,/organization/provigent-inc
Nov 22, 2010,/organization/gigle-semiconductor
Oct 26, 2010,/organization/percello
Oct 13, 2010,/organization/beceem
Jun 17, 2010,/organization/innovision-research-technology
Feb 3, 2010,/organization/teknovus
Nov 30, 2009,/organization/dunenetworks
Jul 12, 2007,/organization/global-locate
May 3, 2007,/organization/ocatalica
Nov 29, 2006,/organization/lvl7-systems
Jan 23, 2006,/organization/sandburst-corporation
Oct 6, 2005,/organization/athena-semiconductors
Mar 7, 2005,/organization/zeevo
Sep 22, 2004,/organization/alphamosaic-ltd
Apr 20, 2004,/organization/widcomm
Feb 2, 2004,/organization/raidcore
Mar 3, 2003,/organization/gadzoox-network
Jan 8, 2001,/organization/serverworks-2
Aug 15, 2000,/organization/newport-communications
Aug 7, 2000,/organization/silicon-spice
Aug 12, 1999,/organization/altocom
Jan 27, 1999,/organization/maverick-networks
/organization/cerner-corporation,Aug 5, 2014,/organization/siemens-healthcare
/organization/check-point,Apr 2, 2015,/organization/lacoon-security
Feb 18, 2015,/organization/hyperwise
Nov 1, 2011,/organization/dynasec
Jun 9, 2010,/organization/liquid-machines
Nov 23, 2009,/organization/facetime-communications-inc-2
Jan 8, 2007,/organization/nfr-security
Oct 10, 2005,/organization/sourcefire
/organization/citrix-systems,Oct 20, 2014,/organization/rightsignature
Sep 16, 2014,/organization/virtual
Aug 31, 2014,/organization/scalextreme
Jan 8, 2014,/organization/framehawk-inc
Dec 6, 2012,/organization/zenprise
Sep 10, 2012,/organization/beetil-service-management-software
Jun 13, 2012,/organization/bytemobile
May 9, 2012,/organization/virtual-computer
Apr 20, 2012,/organization/podio
Oct 13, 2011,/organization/sharefile
Aug 10, 2011,/organization/ringcube-technologies
Jul 12, 2011,/organization/cloud-com
May 23, 2011,/organization/kaviza
Nov 18, 2008,/organization/vapps
Jun 11, 2007,/organization/caymas-systems
May 8, 2006,/organization/reflectent-software
Nov 15, 2005,/organization/teros
Aug 16, 2005,/organization/netscaler
Dec 18, 2003,/organization/expertcity
/organization/clicktale,Feb 16, 2016,/organization/flightrecorder
/organization/cognizant-technology-solutions,Jan 28, 2016,/organization/kbace-technologies
Oct 12, 2014,/organization/odecee
Oct 7, 2014,/organization/cadient-group
Sep 15, 2014,/organization/trizetto
Jul 26, 2011,/organization/corelogic
Jun 16, 2010,/organization/galileo-performance
Oct, 2007,/organization/marketrx
/organization/comcast,Sep 15, 2015,/organization/contingent-network-services
Jun 4, 2015,/organization/visible-world
Jul 14, 2014,/organization/powercloud-systems
Mar 2, 2014,/organization/freewheel
Feb 13, 2014,/organization/time-warner-cable
Feb 13, 2013,/organization/nbcuniversal
Mar 16, 2010,/organization/the700level-com
Oct 7, 2008,/organization/radiance
Aug 5, 2008,/organization/dailycandy
May 14, 2008,/organization/plaxo
Feb 8, 2008,/organization/vehix
Apr 11, 2007,/organization/fandango
Jul 31, 2006,/organization/adelphia-communications
Jun 27, 2006,/organization/theplatform
Mar 25, 2004,/organization/techtv
/organization/computer-sciences-corp,Nov 25, 2015,/organization/uxc
/organization/corning,Mar 31, 2015,/organization/ibwave
Jan 31, 2011,/organization/mobileaccess-networks
Sep 17, 2009,/organization/axygen
/organization/danaher,May 13, 2015,/organization/pall
Sep 15, 2014,/organization/nobel-biocare
Jan 29, 2013,/organization/navman-wireless-usa
Jan 29, 2013,/organization/navman
May 29, 2012,/organization/vss-monitoring
Feb 7, 2011,/organization/beckman-coulter
Sep 29, 2010,/organization/keithley-instruments
Sep 3, 2009,/organization/applied-biosystems
Sep 3, 2009,/organization/mds
/organization/dell,Oct 11, 2015,/organization/emc
Oct, 2015,/organization/vmware
Mar 24, 2014,/organization/statsoft
May 6, 2013,/organization/enstratus
Feb 26, 2013,/organization/kitenga
Dec 19, 2012,/organization/credant-technologies
Nov 16, 2012,/organization/gale-technologies
Jul 2, 2012,/organization/quest-software
May 9, 2012,/organization/sonicwall
Apr 5, 2012,/organization/make-technologies
Apr 2, 2012,/organization/wyse-technology
Apr 2, 2012,/organization/clerity-solutions
Feb 24, 2012,/organization/appassure-software
Sep 13, 2011,/organization/force10-networks
Jun 20, 2011,/organization/rna-networks
Jan 4, 2011,/organization/secureworks
Dec 22, 2010,/organization/insiteone
Dec 13, 2010,/organization/compellent-technologies
Nov 2, 2010,/organization/boomi
Aug, 2010,/organization/surgient
Jul 19, 2010,/organization/ocarina-networks
Jul 1, 2010,/organization/scalent-systems
Feb 11, 2010,/organization/kace
Feb 9, 2010,/organization/exanet
Sep 21, 2009,/organization/perot-systems
Feb 13, 2008,/organization/messageone
Dec 21, 2007,/organization/the-networked-storage-company
Nov 15, 2007,/organization/everdream
Nov 5, 2007,/organization/equallogic
Aug 7, 2007,/organization/zing
Aug 2, 2007,/organization/asap-software
Jul 18, 2007,/organization/silverback-technologies
Nov 14, 2006,/organization/acs-uk
Mar 22, 2006,/organization/alienware
Jun 3, 2002,/organization/plural
Jan, 2000,/organization/foglight
Sep 9, 1999,/organization/convergenet
Oct, 1998,/organization/t-o-a-d
/organization/dropbox,Jul 22, 2015,/organization/clementine
May 13, 2015,/organization/sothree
Jan 26, 2015,/organization/pixelapse
Jan 21, 2015,/organization/cloudon
Jul 1, 2014,/organization/predictiveedge
Jun 16, 2014,/organization/parastructure
Jun 10, 2014,/organization/mobilespan
Jun 5, 2014,/organization/droptalk
May 21, 2014,/organization/bubbli
Apr 17, 2014,/organization/hackpad
Apr 17, 2014,/organization/loom
Mar 28, 2014,/organization/readmill
Mar 17, 2014,/organization/zulip
Nov 17, 2013,/organization/picloud
Nov 5, 2013,/organization/sold
Sep, 2013,/organization/foundry-hiring
Jul 20, 2013,/organization/endorse
Jul 17, 2013,/organization/tapengage
Mar 15, 2013,/organization/mailbox
Dec 19, 2012,/organization/snapjoy
Dec 12, 2012,/organization/audiogalaxy
Feb 27, 2012,/organization/cove
/organization/eaton,Jun 19, 2013,/organization/telkom-kenya
May 21, 2012,/organization/cooper-industries
Apr 27, 2004,/organization/eaton-powerware-corporation
/organization/ebay,Jul 20, 2015,/organization/twice
Oct 1, 2014,/organization/rumgr
Feb 20, 2014,/organization/phisix-fashion-labs
Oct 22, 2013,/organization/shutl
Sep 27, 2013,/organization/bureau-of-trade
Sep 9, 2013,/organization/decide-com
Jul 4, 2013,/organization/2ememain-be
Jul 4, 2013,/organization/2dehands-be
Sep 6, 2012,/organization/svpply
Apr, 2012,/organization/flockish
Feb 23, 2012,/organization/whi-solution
Dec 22, 2011,/organization/billsafe
Nov 21, 2011,/organization/hunch
Sep 7, 2011,/organization/the-gifts-project
Jul 7, 2011,/organization/zong
Jun 20, 2011,/organization/gsi-commerce
Jun 6, 2011,/organization/magento
May 2, 2011,/organization/missionfish
Apr 20, 2011,/organization/where-com
Apr 12, 2011,/organization/gittigidiyor
Dec 20, 2010,/organization/brands4friends
Dec 15, 2010,/organization/critical-path-software
Dec 2, 2010,/organization/milo
Jun 23, 2010,/organization/redlaser
Jan 8, 2009,/organization/positronic
Oct 6, 2008,/organization/dba-dk
Oct 6, 2008,/organization/billmelater
Aug 13, 2008,/organization/gmarket
May 2, 2008,/organization/vuvox
Oct 4, 2007,/organization/via-online
May 30, 2007,/organization/stumbleupon
May 19, 2007,/organization/gumtree
Mar 30, 2007,/organization/microplace
Jan 10, 2007,/organization/stubhub
Apr 24, 2006,/organization/tradera
Sep 12, 2005,/organization/skype
Jun 30, 2005,/organization/opusforum-org
Jun 2, 2005,/organization/shopping-com
May 18, 2005,/organization/loquo
Jan 13, 2005,/organization/kurant
Dec 17, 2004,/organization/rent-com
Nov 10, 2004,/organization/marktplaats-nl
Jun 23, 2004,/organization/baazee
Jan 27, 2004,/organization/mobile-de
Jul 16, 2003,/organization/eachnet
Jan 31, 2003,/organization/carad
Jul 8, 2002,/organization/paypal
Jun 13, 2000,/organization/half-com
Jun 22, 1999,/organization/alando-de
May 18, 1999,/organization/billpoint
Apr 26, 1999,/organization/butterfield-butterfield
Jul 16, 1998,/organization/jump
/organization/electronicarts,Sep 27, 2012,/organization/esn-social-software
Dec 1, 2011,/organization/klicknation
Jul 12, 2011,/organization/popcap-games
May 3, 2011,/organization/firemint
Oct, 2010,/organization/chillingo
Nov 9, 2009,/organization/playfish
Jun 19, 2009,/organization/j2play
Feb 18, 2009,/organization/hands-on-mobile
Dec 2, 2008,/organization/j2msoft
Jun 3, 2008,/organization/threesf
May 8, 2008,/organization/rupture
Oct 11, 2007,/organization/vg-holding
Oct 5, 2007,/organization/super-computer-international
Feb 12, 2007,/organization/singshot-media
Nov 30, 2006,/organization/headgate-studios
Oct 2, 2006,/organization/digital-illusions
Aug 23, 2006,/organization/phenomic-game-development
Jun 20, 2006,/organization/mythic-entertainment
Dec 1, 2005,/organization/jamdatmobile
Jul 27, 2005,/organization/hypnotix
Jul 28, 2004,/organization/criterion-software-group
Feb 13, 2004,/organization/nufx
Oct 16, 2003,/organization/studio-33
Jun 11, 2002,/organization/black-box-games
Feb 28, 2001,/organization/pogo-com
Feb 24, 2000,/organization/dreamworks-interactive
Nov 22, 1999,/organization/kesmai
Sep 8, 1999,/organization/playnation
Sep 8, 1998,/organization/westwood-studios
Jul 28, 1998,/organization/abc-software
Apr 2, 1998,/organization/tiburon-entertainment
Jul 28, 1997,/organization/maxis
Apr 8, 1996,/organization/vision-software-pty
Jan 29, 1996,/organization/manley-associates
Jan 6, 1995,/organization/bullfrog-productions
Nov 14, 1994,/organization/drosoft
Aug 1, 1991,/organization/distinctive-software
/organization/emerson-electric,Aug 8, 2007,/organization/decision-management-international
Jun 21, 1996,/organization/intellution
/organization/endurance-international,Nov 2, 2015,/organization/constant-contact
Nov 4, 2014,/organization/buydomains
Sep 11, 2013,/organization/directi
/organization/emc,May 26, 2015,/organization/virtustream
Oct 28, 2014,/organization/maginatics
Oct 13, 2014,/organization/cloudscaling
Jul 8, 2014,/organization/twinstrata
May 5, 2014,/organization/dssd
Jul 8, 2013,/organization/aveksa
Jun 19, 2013,/organization/scaleio
May 15, 2013,/organization/adaptivity
Oct 30, 2012,/organization/silver-tail-systems
Sep 19, 2012,/organization/silicium-security
May 31, 2012,/organization/watch4net
May 21, 2012,/organization/syncplicity
May 10, 2012,/organization/xtremio
Mar 20, 2012,/organization/pivotal-labs
Mar 20, 2012,/organization/likewise-software
Apr 4, 2011,/organization/netwitness
Nov 15, 2010,/organization/isilon
Nov 10, 2010,/organization/bus-tech
Jul 6, 2010,/organization/greenplum
Jan 4, 2010,/organization/archer-technologies
Sep 2, 2009,/organization/kazeon
Aug 31, 2009,/organization/fastscaletechnology
Jul 8, 2009,/organization/data-domain
May 27, 2009,/organization/configuresoft
Nov, 2008,/organization/decho
Apr 8, 2008,/organization/iomega
Apr 4, 2008,/organization/wysdm-software
Apr 1, 2008,/organization/conchango
Mar 10, 2008,/organization/infra-corporation
Mar 6, 2008,/organization/document-sciences
Feb 21, 2008,/organization/pi-corporation
Oct 30, 2007,/organization/voyence
Oct 1, 2007,/organization/mozy
Aug 30, 2007,/organization/businessedge-solutions
Jul 20, 2007,/organization/x-hive-corporation
Jul 14, 2007,/organization/geniant
Jun 4, 2007,/organization/verid
Feb 6, 2007,/organization/valyd-software
Nov 15, 2006,/organization/avamar-technologies
Sep 25, 2006,/organization/neartek
Sep 18, 2006,/organization/network-intelligence
Sep 18, 2006,/organization/rsa-security
Jun 20, 2006,/organization/proactivity
Jun 7, 2006,/organization/nlayers
May 11, 2006,/organization/interlink-group
May 9, 2006,/organization/kashya
Mar 9, 2006,/organization/authentica
Jan 9, 2006,/organization/internosis
Dec 23, 2005,/organization/captiva-software
Oct 26, 2005,/organization/acartus
Aug 17, 2005,/organization/rainfinity
Aug 17, 2005,/organization/maranti-networks
Feb 2, 2005,/organization/smarts
Nov 2, 2004,/organization/allocity
Oct 12, 2004,/organization/dantz-development-corporation
Dec 19, 2003,/organization/documentum
Dec 16, 2003,/organization/vmware
Oct 21, 2003,/organization/legato-systems
Apr 15, 2003,/organization/astrum-software
Sep 25, 2002,/organization/prisa-networks
Sep 19, 2001,/organization/luminate-software
Apr 11, 2001,/organization/filepool
Nov 1, 2000,/organization/crosstor-software
Aug 17, 2000,/organization/avalon-consulting-group
Jan 14, 2000,/organization/terascape-software
Dec 27, 1999,/organization/softworks
Oct 12, 1999,/organization/data-general-corporation
Aug 10, 1998,/organization/conley-corporation
Aug 10, 1993,/organization/epoch-systems
/organization/expedia,Nov 3, 2015,/organization/homeaway
Jul 7, 2014,/organization/wotif
Jun 26, 2014,/organization/auto-escape-group
Nov 18, 2010,/organization/mobiata
Jul 15, 2008,/organization/venere
Jul 1, 2008,/organization/onetime
Jul 1, 2008,/organization/virtualtourist
Jun 30, 2008,/organization/synergi-glbl-travel
Mar 14, 2008,/organization/carrentals-com
Aug, 2005,/organization/tripadvisor
Oct 16, 2002,/organization/newtrade-technologies
Feb 1, 2000,/organization/vacationspot-com
Feb 1, 2000,/organization/travelscape-com
/organization/facebook,Oct 5, 2015,/organization/endaga
Mar 13, 2015,/organization/thefind
Jan 16, 2015,/organization/teehan-lax
Jan 8, 2015,/organization/quickfire-networks
Jan 5, 2015,/organization/wit-ai
Aug 7, 2014,/organization/privatecore
Jul 2, 2014,/organization/liverail
Jul 1, 2014,/organization/little-eye-labs
Jun 3, 2014,/organization/pryte
Apr 24, 2014,/organization/protogeo
Mar 25, 2014,/organization/oculus-vr
Feb 19, 2014,/organization/whatsapp
Jan 13, 2014,/organization/branch
Dec 17, 2013,/organization/sportstream
Oct 14, 2013,/organization/onavo
Aug 12, 2013,/organization/jibbigo
Jul 18, 2013,/organization/monoidics
Apr 25, 2013,/organization/parse
Apr 23, 2013,/organization/spaceport-io
Apr 11, 2013,/organization/osmeta
Mar 8, 2013,/organization/storylane
Feb 28, 2013,/organization/atlas-advertiser-suite
Aug 24, 2012,/organization/threadsy
Jul 14, 2012,/organization/spool
Jun 21, 2012,/organization/bolt-peters
Jun 18, 2012,/organization/face-com
Jun 11, 2012,/organization/pieceable
Jun 11, 2012,/organization/pieceable
Jun 11, 2012,/organization/pieceable
May 18, 2012,/organization/karma
May 15, 2012,/organization/lightbox
May 4, 2012,/organization/glancee
Apr 13, 2012,/organization/tagtile
Apr 9, 2012,/organization/instagram
Mar 10, 2012,/organization/gazehawk
Mar 3, 2012,/organization/friend-ly
Feb 29, 2012,/organization/sendoid
Dec 2, 2011,/organization/gowalla
Nov 28, 2011,/organization/whoglue
Nov 8, 2011,/organization/strobe
Nov 7, 2011,/organization/digital-staircase
Aug 2, 2011,/organization/push-pop-press
Jun 9, 2011,/organization/sofa
Mar 20, 2011,/organization/snaptu
Mar 1, 2011,/organization/beluga
Jan 25, 2011,/organization/rel8tion
2011,/organization/pursuit
Nov 16, 2010,/organization/zenbe
Oct 29, 2010,/organization/drop-io
Sep 25, 2010,/organization/nextstop
Aug 15, 2010,/organization/chailabs
Jul 28, 2010,/organization/hotpotato
May 26, 2010,/organization/sharegrove
Apr 2, 2010,/organization/divvyshot
Feb 19, 2010,/organization/octazen
Aug 10, 2009,/organization/friendfeed
Jul 1, 2007,/organization/parakey
/organization/fiserv,Sep 14, 2011,/organization/cashedge
Mar 1, 2011,/organization/maverick-network-solutions
Feb 28, 2011,/organization/mobile-commerce
Dec 16, 2008,/organization/i-tech-corporation
Sep 13, 2006,/organization/insureworx
Apr 3, 2005,/organization/del-mar-database
Oct 1, 2003,/organization/general-american-corporation
Dec 24, 2001,/organization/benesight
/organization/garmin,Feb 11, 2016,/organization/delorme
Jan 13, 2016,/organization/pulsedlight
Jan 14, 2015,/organization/ikubu
Jun 14, 2011,/organization/navigon
Sep 21, 2010,/organization/metrigear
/organization/groupon,Jul 16, 2015,/organization/orderup
Jun 5, 2015,/organization/prettyquick
Nov 17, 2014,/organization/swarm-mobile
Jul 2, 2014,/organization/buytopia-ca
Jan 13, 2014,/organization/ideeli
Jan 2, 2014,/organization/ticket-monster-korea
Sep 18, 2013,/organization/sidetour
Sep 9, 2013,/organization/blink-booking
Feb 11, 2013,/organization/mashlogic-2
Jan 12, 2013,/organization/glassmap
Dec 21, 2012,/organization/commerceinterface
Sep 24, 2012,/organization/savored
May 29, 2012,/organization/breadcrumb
Apr 17, 2012,/organization/ditto
Mar 23, 2012,/organization/transparent-financial-services
Feb 28, 2012,/organization/uptake
Feb 18, 2012,/organization/kima-labs
Feb 17, 2012,/organization/hyperpublic
Feb 3, 2012,/organization/adku
Jan 20, 2012,/organization/six-times-seven
Dec 28, 2011,/organization/campfire-labs
Sep, 2011,/organization/opencal
Aug 4, 2011,/organization/obtiva
Jul 17, 2011,/organization/zappedy
Jun 8, 2011,/organization/beeconomic-singapore
Apr 29, 2011,/organization/crowdmass
Apr 18, 2011,/organization/pelago
Apr 6, 2011,/organization/disdus-com
Dec 1, 2010,/organization/ludic-labs
Aug 17, 2010,/organization/darberry
Jun 24, 2010,/organization/needish
Jun 24, 2010,/organization/clandescuento
May 16, 2010,/organization/citydeal-de
May 5, 2010,/organization/mob-ly
Jan 10, 2010,/organization/sosasta-com
/organization/hitachi-data-systems,Feb 10, 2015,/organization/pentaho
/organization/illinois-tool-works,Dec 5, 2006,/organization/polyrey
Nov 8, 2006,/organization/speedline-technologies
Jul 18, 2006,/organization/kester
/organization/ims-health,Feb 4, 2016,/organization/dimensions-healthcare
Dec 9, 2015,/organization/iasist
May 20, 2013,/organization/360-vantage
Apr 30, 2013,/organization/semantelli
Mar 12, 2013,/organization/appature-inc
Apr 24, 2012,/organization/decisionview
/organization/infosys,Oct 19, 2015,/organization/noah-consulting
Apr 27, 2015,/organization/skava
Apr 24, 2015,/organization/kallidus-technologies
Feb 16, 2015,/organization/panaya
Sep 10, 2012,/organization/lodestone-holding
/organization/ingram-micro,Feb 3, 2016,/organization/connector-systems
Dec 22, 2015,/organization/a%C3%87%C3%83o-inform%C3%A1tica
Dec 1, 2015,/organization/odin-2
Oct 29, 2013,/organization/shipwire
Sep 12, 2013,/organization/softcom-inc
2013,/organization/cloudblue-technologies
/organization/jabil,Feb 4, 2013,/organization/nypro
/organization/intuit,Mar 24, 2015,/organization/playbook-hr
Feb 5, 2015,/organization/porticor-cloud-security
Jan 21, 2015,/organization/zeropaper
Dec 10, 2014,/organization/acrede-hr-payroll-solutions
Aug 13, 2014,/organization/itduzzit
Aug 7, 2014,/organization/paysuite
May 27, 2014,/organization/pageonce
May 8, 2014,/organization/lettuce
Dec 4, 2013,/organization/docstoc
Oct 30, 2013,/organization/full-slate
Oct 23, 2013,/organization/level-up-analytics
Aug 8, 2013,/organization/goodapril
Jun 21, 2013,/organization/elastic-intelligence
Jan 28, 2013,/organization/payvment
Apr 27, 2012,/organization/demandforce
Apr 9, 2012,/organization/aislebuyer
May 11, 2010,/organization/medfusion
Sep 14, 2009,/organization/mint
Jun 2, 2009,/organization/paycycle
Apr 17, 2009,/organization/boorah
Nov 26, 2007,/organization/homestead-technologies
Dec 1, 2006,/organization/digital-insight
Sep 14, 2006,/organization/stepup
Aug 14, 2002,/organization/blue-ocean-software
/organization/juniper-networks,Jan 26, 2016,/organization/bti-systems
Dec 16, 2013,/organization/wandl
Feb 8, 2013,/organization/webscreen-technology
Dec 13, 2012,/organization/contrail-systems
Feb 22, 2012,/organization/mykonos-software
Dec 6, 2010,/organization/altor-networks
Nov 18, 2010,/organization/acinion
Nov 16, 2010,/organization/trapeze-networks
Jul 27, 2010,/organization/smobile-systems
Apr 8, 2010,/organization/nokeena
Jul 1, 2005,/organization/peribit-networks
Mar 29, 2005,/organization/kagoor-networks
Feb 10, 2004,/organization/netscreen-technologies
/organization/lam-research,Oct 21, 2015,/organization/kla-tencor
/organization/lenovo,Jan 29, 2014,/organization/motorola-mobility
Sep 18, 2012,/organization/stoneware
May 31, 2011,/organization/medion
Nov 27, 2009,/organization/lenovo-mobile-communication-technology
Dec 7, 2004,/organization/ibm-personal-computing-division
/organization/linkedin,Feb 4, 2016,/organization/connectifier
Aug 27, 2015,/organization/fliptop
Apr 9, 2015,/organization/lynda-com
Apr 2, 2015,/organization/refresh-io
Mar 16, 2015,/organization/careerify
Jul 22, 2014,/organization/bizo
Jul 14, 2014,/organization/newsle
Feb 6, 2014,/organization/bright-com
Apr 13, 2013,/organization/pulse
May 3, 2012,/organization/slideshare
Feb 7, 2012,/organization/rapportive
Oct 11, 2011,/organization/indextank
Oct 5, 2011,/organization/connected
Jan 26, 2011,/organization/cardmunch
Sep 22, 2010,/organization/choicevendor
Aug 4, 2010,/organization/mspoke
/organization/maxim-integrated-products,2014,/organization/scintera-networks
Aug 15, 2013,/organization/volterra
Jul 18, 2011,/organization/sensordynamics
Sep 8, 2010,/organization/phyworks
Apr 12, 2010,/organization/teridian-semiconductor
Jan 2, 2002,/organization/dallas-semiconductor-philippines
/organization/microchip-technology,Jan 19, 2016,/organization/atmel
May 8, 2015,/organization/micrel
Jul 14, 2014,/organization/issc-technologies-corp
Feb 10, 2014,/organization/supertex
Jun 4, 2013,/organization/novocell-semiconductor
May 2, 2012,/organization/ident-technology
May 2, 2012,/organization/smsc
Feb 3, 2010,/organization/silicon-storage-technology
Jan 11, 2010,/organization/zerog-wireless
Apr, 2009,/organization/r-e-international
2009,/organization/hi-tech-software
Jun 5, 2002,/organization/powersmart
/organization/micron-technology,Dec 16, 2015,/organization/inotera-2
Jul 2, 2012,/organization/elpida-memory
Jan 20, 2012,/organization/virtensys
Feb 9, 2010,/organization/numonyx
May 20, 2009,/organization/displaytech
Mar 8, 2006,/organization/lexar-media
Sep 16, 1998,/organization/rendition-networks
/organization/motorola-solutions,Dec 3, 2015,/organization/airwave-2
Apr 1, 2015,/organization/crimereports
Feb 12, 2015,/organization/emergency-allworks
Jan 2, 2014,/organization/twisted-pair-solutions
Jun 16, 2012,/organization/psion
Oct 27, 2011,/organization/rhomobile
Dec 1, 2010,/organization/4home
Sep 16, 2010,/organization/aloqa
Aug 24, 2010,/organization/280-north
Nov 16, 2009,/organization/bitband
Jul 28, 2008,/organization/airdefense
May 21, 2007,/organization/modulus-video
Jul 25, 2006,/organization/broadbus
Nov 17, 2004,/organization/meshnetworks
Jan 5, 2000,/organization/general-instrument
/organization/netapp,Dec 21, 2015,/organization/solidfire
Feb 11, 2013,/organization/iongrid
Nov 14, 2012,/organization/cacheiq
Mar 9, 2011,/organization/engenio
Jan 12, 2011,/organization/akorri
Apr 7, 2010,/organization/bycast
Jan 1, 2008,/organization/onaro
Nov 8, 2006,/organization/topio
Apr 7, 2005,/organization/alacritus-software
2005,/organization/decru
Nov 7, 2003,/organization/spinnaker-networks
Sep 5, 2000,/organization/webmanage-technologies
Jun 14, 2000,/organization/orca-systems-2
/organization/netsuite,Apr 23, 2015,/organization/bronto-software
Jul 17, 2014,/organization/venda
Oct 22, 2013,/organization/tribe-hr
May 8, 2013,/organization/ordermotion
Jan 10, 2013,/organization/retail-anywhere
Jun 2, 2008,/organization/openair
/organization/neustar,Nov 5, 2015,/organization/marketshare
Jul 30, 2015,/organization/bombora-technologies
Mar 20, 2014,/organization/co-internet
Oct 31, 2013,/organization/aggregateknowledge
Oct 11, 2011,/organization/targusinfo
Nov 5, 2010,/organization/quova
Jan 15, 2008,/organization/webmetrics
Nov 27, 2006,/organization/followap
Apr 19, 2005,/organization/ultradns
/organization/microsoft,Feb 24, 2016,/organization/xamarin
Feb 9, 2016,/organization/groove-smart-music-player
Feb 2, 2016,/organization/touchtype
Jan 19, 2016,/organization/minecraftedu-2
Jan 13, 2016,/organization/event-zero
Dec 21, 2015,/organization/talko
Dec 18, 2015,/organization/metanautix
Nov 9, 2015,/organization/secure-islands-technologies
Nov 5, 2015,/organization/mobile-data-labs
Oct 2, 2015,/organization/havok
Sep 30, 2015,/organization/adxstudio
Sep 10, 2015,/organization/double-labs
Sep 3, 2015,/organization/volometrix
Aug 3, 2015,/organization/fantasysalesteam
Jul 19, 2015,/organization/adallom
Jun 10, 2015,/organization/bluestripe-software
Jun 1, 2015,/organization/6wunderkinder
Apr 14, 2015,/organization/datazen-software
Mar 26, 2015,/organization/liveloop
Feb 12, 2015,/organization/n-trig
Feb 4, 2015,/organization/sunrise
Jan 23, 2015,/organization/revolution-computing
Dec 11, 2014,/organization/bit-stadium-gmbh
Dec 1, 2014,/organization/acompli-inc
Nov 13, 2014,/organization/aorato
Oct 8, 2014,/organization/equivio
Sep 15, 2014,/organization/mojang
Jul 11, 2014,/organization/inmage-systems
Jul 3, 2014,/organization/syntaxtree
May 28, 2014,/organization/capptain
Apr 30, 2014,/organization/greenbutton
Jan 6, 2014,/organization/parature
Oct 4, 2013,/organization/apiphany
Jun 3, 2013,/organization/inrelease
Mar 4, 2013,/organization/metricshub
Feb 4, 2013,/organization/pando-networks
Dec 28, 2012,/organization/r2-studios
Oct 16, 2012,/organization/storsimple
Oct 4, 2012,/organization/phonefactor
Jul 9, 2012,/organization/perceptive-pixel
Jun 25, 2012,/organization/yammer
Nov 23, 2011,/organization/videosurf
Oct 12, 2011,/organization/twisted-pixel-games
Jun 8, 2011,/organization/prodiance
May 10, 2011,/organization/skype
Oct 29, 2010,/organization/canesta
Oct 6, 2010,/organization/avicode
Dec 11, 2009,/organization/opalis-software
Dec 10, 2009,/organization/sentillion
Sep 22, 2009,/organization/interactive-supercomputing
Jun 1, 2009,/organization/rosetta-biosoftware
May 7, 2009,/organization/bigpark
Aug 29, 2008,/organization/greenfield-online
Jul 25, 2008,/organization/datallegro
Jul 14, 2008,/organization/zoomix
Jul 1, 2008,/organization/powerset
Jun 26, 2008,/organization/mobicomp
Jun 18, 2008,/organization/navic-networks
Apr 9, 2008,/organization/farecast
Mar 20, 2008,/organization/komoku
Mar 14, 2008,/organization/90-degree-software
Mar 14, 2008,/organization/rapt
Mar 12, 2008,/organization/kidaro
Mar 8, 2008,/organization/credentica
Feb 27, 2008,/organization/yadata
Feb 11, 2008,/organization/danger
Feb 7, 2008,/organization/caligari-corporation
Jan 21, 2008,/organization/calista-technologies
Jan 8, 2008,/organization/fast-search-transfer
Dec 12, 2007,/organization/multimap
Oct 29, 2007,/organization/global-care-solutions
Oct 3, 2007,/organization/jellyfish
Aug 29, 2007,/organization/parlano
Jul 26, 2007,/organization/adecn
Jun 7, 2007,/organization/stratature
Jun 5, 2007,/organization/engyro
May 18, 2007,/organization/aquantive
May 3, 2007,/organization/screen-tonic
Mar 28, 2007,/organization/devbiz-business-solutions
Mar 14, 2007,/organization/tellme
Feb 26, 2007,/organization/medstory
Oct 12, 2006,/organization/colloquis
Oct 2, 2006,/organization/desktopstandard
Sep 26, 2006,/organization/gteko
Jul 26, 2006,/organization/azyxxi
Jul 18, 2006,/organization/winternals
Jul 17, 2006,/organization/softricity
Jun 27, 2006,/organization/iview-multimedia
May 25, 2006,/organization/proclarity-corporation
May 18, 2006,/organization/whale-communications
May 4, 2006,/organization/vexcel
May 4, 2006,/organization/deepmetrix
May, 2006,/organization/massive
Apr 26, 2006,/organization/assetmetrix-corporation
Apr 6, 2006,/organization/lionhead-studios
Apr 3, 2006,/organization/proclarity
Mar 7, 2006,/organization/onfolio
Mar 7, 2006,/organization/apptimum
Feb 13, 2006,/organization/motion-bridge
Jan 28, 2006,/organization/seadragon-software
Nov 3, 2005,/organization/foldershare
Nov 2, 2005,/organization/media-streams-com
Oct 6, 2005,/organization/unveil-technologies-2
Oct 6, 2005,/organization/unveil-technologies-2
Oct 6, 2005,/organization/unveil-technologies-2
Oct 6, 2005,/organization/unveil-technologies-2
Oct 6, 2005,/organization/unveil-technologies-2
Oct 6, 2005,/organization/unveil-technologies-2
Sep 19, 2005,/organization/alacris
Aug 30, 2005,/organization/teleo-inc
Jul 20, 2005,/organization/frontbridge-technologies
May 11, 2005,/organization/messagecast
Mar 10, 2005,/organization/groove-networks
Feb 8, 2005,/organization/sybari
Dec 16, 2004,/organization/giant-company-software
Apr 26, 2004,/organization/activeviews
Apr 30, 2003,/organization/placeware
Feb 19, 2003,/organization/connectix
2003,/organization/rav-antivirus-2
Oct 22, 2002,/organization/vicinity-corp
Sep 24, 2002,/organization/rare-inc
Sep 10, 2002,/organization/xdegrees
May 7, 2002,/organization/navision
Apr 30, 2001,/organization/ncompass-labs
Dec 21, 2000,/organization/great-plains-software
Sep 18, 2000,/organization/pacific-microsonics
Sep 13, 2000,/organization/mongomusic
Jul 12, 2000,/organization/netgames
Jun 19, 2000,/organization/bungie-software
Feb 29, 2000,/organization/peach-networks
Oct 29, 1999,/organization/entropic
Sep 17, 1999,/organization/softway-systems
Sep 15, 1999,/organization/visio-corporation
Jul 21, 1999,/organization/stnc
Jul 7, 1999,/organization/zoomit
Jul 1, 1999,/organization/sendit
Jun 14, 1999,/organization/omnibrowse
Jun 7, 1999,/organization/shadowfactor-software
Apr 26, 1999,/organization/jump-networks
Mar 28, 1999,/organization/numinous-technologies
Mar 4, 1999,/organization/comparenet
Jan 8, 1999,/organization/fasa-interactive
Nov 5, 1998,/organization/linkexchange
Aug 25, 1998,/organization/valence-technology
Apr 28, 1998,/organization/mesa-group
Apr 9, 1998,/organization/firefly-network
Dec 31, 1997,/organization/hotmail-2
Dec 31, 1997,/organization/hotmail
Aug 5, 1997,/organization/vxtreme
Jun 30, 1997,/organization/linkage-software
Jun 13, 1997,/organization/cooper-peters
Apr 6, 1997,/organization/webtv-networks
Dec 10, 1996,/organization/netcarta
Jun 17, 1996,/organization/electric-gravity
Jun 11, 1996,/organization/eshop
Apr 23, 1996,/organization/aspect-software-engineering
Apr 16, 1996,/organization/exos
Mar 12, 1996,/organization/colusa-software
Jan 16, 1996,/organization/vermeer-technologies
Dec 12, 1995,/organization/bruce-artwick-organization
Nov 6, 1995,/organization/netwise
Oct 16, 1995,/organization/blue-ribbon-soundworks
Jul 10, 1995,/organization/network-managers
Feb 23, 1995,/organization/rendermorphics
Nov 15, 1994,/organization/one-tree-software-ltd
Nov 1, 1994,/organization/nextbase
Sep 27, 1994,/organization/altamira-software
Mar 25, 1992,/organization/fox-software
Mar 8, 1991,/organization/consumers-software
Jul 30, 1987,/organization/forethought
/organization/ntt-docomo,Aug 27, 2013,/organization/fine-trade
Aug 2, 2010,/organization/packetvideo
Dec 3, 2009,/organization/net-m
/organization/nvidia,Jun 11, 2015,/organization/transgaming
May 9, 2011,/organization/icera
May 23, 2008,/organization/rayscale
Feb 4, 2008,/organization/ageia-technologies
Dec 13, 2007,/organization/mental-images
Nov 6, 2006,/organization/portalplayer
Apr 23, 2004,/organization/iready
Aug 4, 2003,/organization/mediaq-inc
/organization/nxp-semiconductors,Dec 7, 2015,/organization/freescale
Mar 10, 2015,/organization/athena-smartcard
Jul 26, 2010,/organization/jennic
/organization/omnicom-group,Feb 7, 2011,/organization/communispace
Aug 1, 2007,/organization/signature-graphics
Mar 31, 2007,/organization/asa-holdings
Aug 11, 2006,/organization/rodgers-townsend
Oct, 2005,/organization/ipsh
Jan 7, 2003,/organization/serino-coyne
Dec 23, 2002,/organization/organic
Jun 3, 2002,/organization/changing-our-world
Apr 26, 2002,/organization/aaron-walton-entertainment
Oct 1, 2001,/organization/integrated-merchandising-systems
Jul 19, 2001,/organization/grizzard-communications-group
Jun 9, 2001,/organization/arnell-group
Apr 27, 2001,/organization/stratcom-communique
Feb 11, 2000,/organization/tudhope-associates
Dec 1, 1999,/organization/cone
Apr 10, 1997,/organization/fleishman-hillard
Jan 10, 1996,/organization/ketchum-communications-holdings
May 26, 1993,/organization/tbwa-worldwide
Dec 1, 1988,/organization/schechter-group
/organization/overstock-com,Aug 27, 2015,/organization/speedroute
/organization/palo-alto-networks,May 1, 2015,/organization/cirrosecure
Mar 24, 2014,/organization/cyvera
Jan 6, 2014,/organization/morta-security
/organization/panasonic,Dec 21, 2015,/organization/hussmann
Mar 16, 2015,/organization/itc-global
Apr 8, 2013,/organization/aupeo
Dec 10, 2009,/organization/sanyo
/organization/pandora,Nov 16, 2015,/organization/rdio
Oct 6, 2015,/organization/ticketfly
May 19, 2015,/organization/next-big-sound
/organization/oracle,Feb 22, 2016,/organization/ravello-systems
Jan 5, 2016,/organization/addthis
Dec 18, 2015,/organization/stackengine
Aug 20, 2015,/organization/maxymiser
Dec 22, 2014,/organization/datalogix
Sep 14, 2014,/organization/front-porch-digital
Jul 31, 2014,/organization/toa-technologies
Jun 23, 2014,/organization/micros-systems
Jun 20, 2014,/organization/live-look
May 15, 2014,/organization/greenbytes
Feb 24, 2014,/organization/bluekai
Jan 7, 2014,/organization/corente
Dec 20, 2013,/organization/responsys
Nov 15, 2013,/organization/bitzer-mobile
Oct 24, 2013,/organization/bigmachines
Oct 17, 2013,/organization/compendium-blogware
Mar 25, 2013,/organization/tekelec-international
Mar 13, 2013,/organization/nimbula
Feb 4, 2013,/organization/acme-packet
Dec 20, 2012,/organization/eloqua
Dec 13, 2012,/organization/dataraker
Nov 8, 2012,/organization/instantis
Sep 17, 2012,/organization/selectminds
Jul 30, 2012,/organization/xsigo
Jul 19, 2012,/organization/skire
Jul 10, 2012,/organization/involver
Jun 5, 2012,/organization/collective-intellect
May 23, 2012,/organization/vitrue
Mar 29, 2012,/organization/cleartrial
Feb 9, 2012,/organization/taleo
Oct 24, 2011,/organization/rightnow-technologies
Oct 18, 2011,/organization/endeca
Sep 22, 2011,/organization/goahead-software
Jul 28, 2011,/organization/inquira
Jun 29, 2011,/organization/pillar-data-systems
Jun 21, 2011,/organization/fatwire
Jun 21, 2011,/organization/datanomic
Nov 2, 2010,/organization/atg-arttechnologygroup
Oct 6, 2010,/organization/passlogix
May 20, 2010,/organization/secerno
Apr 20, 2010,/organization/phase-forward
Feb 10, 2010,/organization/convergin
Feb 8, 2010,/organization/amberpoint
Jan 4, 2010,/organization/silver-creek-systems
Oct 12, 2009,/organization/sophoi
Sep 29, 2009,/organization/hyperroll
Jul 23, 2009,/organization/goldengate-software
Jun 17, 2009,/organization/conformia-software
May 13, 2009,/organization/virtual-iron-software
Apr 20, 2009,/organization/sun-microsystems
Mar 23, 2009,/organization/relsys-international
Feb 4, 2009,/organization/mvalent
Nov 3, 2008,/organization/tacit-software
Oct 29, 2008,/organization/ruleburst-holdings
Oct 8, 2008,/organization/primavera
Oct 1, 2008,/organization/advanced-visual-technology
Sep 2, 2008,/organization/clearapp
Aug 1, 2008,/organization/skywire-software
Jul 31, 2008,/organization/global-knowledge-software
Jan 16, 2008,/organization/bea-systems
Oct 9, 2007,/organization/logicalapps
Sep 30, 2007,/organization/active-reasoning
Sep 3, 2007,/organization/netsure-telecom
Aug 17, 2007,/organization/bridgestream
Jul 18, 2007,/organization/bharosa
May 15, 2007,/organization/agile-software
Apr 24, 2007,/organization/lodestar-corporation
Mar 23, 2007,/organization/tangosol
Mar 1, 2007,/organization/hyperion-solutions
Nov 3, 2006,/organization/spl-worldgroup
Nov 2, 2006,/organization/stellent
Oct 23, 2006,/organization/metasolv
Oct 9, 2006,/organization/sunopsis
Sep 12, 2006,/organization/siebel
Jun 1, 2006,/organization/demantra
Apr 12, 2006,/organization/portal-software
Feb 16, 2006,/organization/hotsip
Feb 14, 2006,/organization/sleepycat-software
Jan 18, 2006,/organization/360commerce
Nov 16, 2005,/organization/octetstring
Nov 16, 2005,/organization/thor-technologies
Oct 7, 2005,/organization/innobase
Sep 20, 2005,/organization/g-log
Jul 5, 2005,/organization/profitlogic
Jun 9, 2005,/organization/timesten
Mar 28, 2005,/organization/oblix
Mar 21, 2005,/organization/retek
Jan 10, 2005,/organization/temposoft
Dec 20, 2004,/organization/istante-software
Dec 20, 2004,/organization/istante-software
Dec 20, 2004,/organization/istante-software
Dec 20, 2004,/organization/istante-software
Dec 13, 2004,/organization/peoplesoft
Jun 14, 2004,/organization/collaxa
Jan 22, 2004,/organization/siteworks-solutions
Jul 2, 2002,/organization/steltor
Jan 16, 2002,/organization/netforce
/organization/paypal,Aug 19, 2015,/organization/modest
Jul 2, 2015,/organization/xoom
Mar 5, 2015,/organization/cyactive
Mar 2, 2015,/organization/paydiant
Dec 17, 2013,/organization/stackmob
Sep 26, 2013,/organization/braintree-payment-solutions
Apr 13, 2013,/organization/ironpearl
Jul 17, 2012,/organization/card-io
Apr 28, 2011,/organization/figcard
Apr 20, 2011,/organization/where-com
Jan 28, 2008,/organization/fraud-sciences
/organization/pc-connection,Mar 17, 2011,/organization/valcom-technology
Jun 4, 2001,/organization/outpost-com
/organization/priceline,May 12, 2015,/organization/pricematch
Feb 19, 2015,/organization/rocketmiles
Jun 13, 2014,/organization/opentable
Jun 10, 2014,/organization/buuteeq
Mar 11, 2014,/organization/qlika
Nov 8, 2012,/organization/kayak
Nov 8, 2007,/organization/agoda
Jul, 2005,/organization/booking-com
/organization/qualcomm,Sep 14, 2015,/organization/capsule-tech
Oct 14, 2014,/organization/csr
Sep 15, 2014,/organization/euvision-technologies
Jul 30, 2014,/organization/encore-career-institute
Jul 2, 2014,/organization/wilocity
Jun 26, 2014,/organization/black-sand-technologies
Jun 18, 2014,/organization/summit-microelectronics
2014,/organization/kooaba
Aug 23, 2012,/organization/designart-networks
Mar 7, 2012,/organization/ubicom
Dec, 2011,/organization/pixtronix
Nov 8, 2011,/organization/haloipt
Jun 10, 2011,/organization/rapid-bridge
May 5, 2011,/organization/qualcomm-atheros
Mar 1, 2009,/organization/digital-fountain
Jan 22, 2009,/organization/bitboys-oy
Jan 20, 2009,/organization/amd
Mar 11, 2008,/organization/xiam
Dec 21, 2007,/organization/softmax
Nov 14, 2007,/organization/firethorn
Apr, 2007,/organization/telecis
Jan 19, 2006,/organization/flarion-technologies
Jan 5, 2006,/organization/berkna-wireless
Aug 17, 2005,/organization/elata
Oct 12, 2004,/organization/trigenix
Mar 17, 2000,/organization/within-technology
Mar 2, 2000,/organization/snaptrack
Nov 10, 1997,/organization/now-software
/organization/raycom-media,Dec 2, 2015,/organization/drewry-communications
Oct 28, 2015,/organization/purecars
Sep 11, 2015,/organization/webstream-sports
/organization/red-hat,Oct 16, 2015,/organization/ansible
Sep 18, 2014,/organization/feedhenry
Jun 18, 2014,/organization/enovance
Apr 30, 2014,/organization/inktank
Dec 22, 2012,/organization/manageiq
Aug 29, 2012,/organization/bpm-technology
Aug 24, 2012,/organization/polymita-technologies
Jun 27, 2012,/organization/fusesource
Oct 4, 2011,/organization/gluster
Nov 30, 2010,/organization/makara
Sep 4, 2008,/organization/qumranet-inc
Jun, 2008,/organization/identyx
Mar 14, 2008,/organization/amentra-2
Jun 2, 2007,/organization/metamatrix-red-hat
Feb 20, 2004,/organization/jboss
Dec 18, 2003,/organization/sistina-software
/organization/samsung-electronics,Feb 18, 2015,/organization/looppay
Nov 2, 2014,/organization/proximal-data
Jul 16, 2014,/organization/smartthings
Jun 5, 2014,/organization/shelby-tv
Aug 9, 2013,/organization/novaled
Jul 3, 2013,/organization/boxee
Jan 29, 2013,/organization/neurologica
Dec 15, 2012,/organization/nvelo
Jun 1, 2012,/organization/nanoradio
May 9, 2012,/organization/mspot
Dec, 2011,/organization/zigzag-software
Nov 15, 2011,/organization/nexus-dx
Aug 1, 2011,/organization/grandis
Jan 19, 2011,/organization/liquavista
Mar, 2008,/organization/clairvoyante-inc
/organization/salesforce,Feb 19, 2016,/organization/predictionio
Dec 23, 2015,/organization/steelbrick
Dec 14, 2015,/organization/minhash
Jul 31, 2015,/organization/kerensen-consulting
May 29, 2015,/organization/tempo-ai-sri-spin-off-m
Apr 1, 2015,/organization/toopher
Jul 11, 2014,/organization/relateiq
Jun 7, 2013,/organization/edgespring
Jun 4, 2013,/organization/exacttarget
May 9, 2013,/organization/clipboard
Feb 6, 2013,/organization/entropysoft
Nov 23, 2012,/organization/prior-knowledge
Jul 9, 2012,/organization/goinstant
Jun 25, 2012,/organization/thinkfuse
Jun 18, 2012,/organization/choicepass
Jun 4, 2012,/organization/buddymedia
May 1, 2012,/organization/stypi
Dec 15, 2011,/organization/rypple
Nov 14, 2011,/organization/model-metrics
Sep 21, 2011,/organization/assistly
Aug 26, 2011,/organization/navajo-systems
Mar 30, 2011,/organization/radian6
Feb 1, 2011,/organization/manymoon
Jan 6, 2011,/organization/dimdim
Dec 21, 2010,/organization/etacts
Dec 8, 2010,/organization/heroku
Oct 27, 2010,/organization/salesforce-japan
Sep 24, 2010,/organization/activa-live
May 28, 2010,/organization/sitemasher
Apr 21, 2010,/organization/jigsaw
Dec 31, 2009,/organization/informavores
Dec 11, 2009,/organization/groupswim
Aug 19, 2008,/organization/instranet
Apr 10, 2007,/organization/koral-technologies
Aug 22, 2006,/organization/kieden
Apr 11, 2006,/organization/sendia
/organization/sandisk,Jun 16, 2014,/organization/fusion-io
Jul 2, 2013,/organization/smart-storage-systems
Jun 26, 2012,/organization/schooner-information-technology-inc
Feb 15, 2012,/organization/flashsoft
May 16, 2011,/organization/pliant-technology
Jun 10, 2008,/organization/musicgremlin
Oct 20, 2005,/organization/matrix-semiconductor
/organization/sap,Feb 17, 2016,/organization/mellmo
Sep 18, 2014,/organization/concur-technologies
Aug 10, 2014,/organization/optier
May 20, 2014,/organization/seewhy
Mar 26, 2014,/organization/fieldglass
Sep 10, 2013,/organization/kxen
Jun 6, 2013,/organization/hybris
May 22, 2012,/organization/ariba
Apr 10, 2012,/organization/syclo
Feb 22, 2012,/organization/successfactors
Jan 16, 2012,/organization/datango
Sep 6, 2011,/organization/right-hemisphere
May 12, 2010,/organization/sybase
Jul 23, 2009,/organization/saf
May 11, 2009,/organization/clear-standards
Feb 19, 2009,/organization/coghead
May 14, 2007,/organization/wicom-communications
Feb 14, 2007,/organization/pilot-software-inc-
Dec 7, 2006,/organization/factory-logic
Nov 30, 2005,/organization/khimetrics
/organization/seagate,Oct 20, 2015,/organization/lyve-minds
Aug 18, 2015,/organization/dot-hill-systems
Dec 23, 2013,/organization/xyratex
Dec 6, 2007,/organization/metalincs
Dec 21, 2006,/organization/evault
May 24, 2006,/organization/maxtor
Nov, 2005,/organization/actionfront-data-recovery
Sep 14, 2005,/organization/mirra
Dec 7, 1999,/organization/xiotech
Jul 3, 1997,/organization/quinta-corporation
Sep 21, 1995,/organization/conner-peripherals
/organization/service-now-com,Jul 9, 2014,/organization/neebula
Jul 9, 2013,/organization/mirror42
/organization/shutterfly,Nov 17, 2014,/organization/groovebook
Sep 2, 2013,/organization/r-and-r-images
Apr 30, 2013,/organization/mypublisher
Jan 4, 2013,/organization/thislife
Oct, 2012,/organization/piqlet
Sep 17, 2012,/organization/penguin-digital
May 11, 2011,/organization/photoworks
Mar 21, 2011,/organization/tiny-prints
Sep 11, 2009,/organization/tiny-pictures
Jan 1, 2008,/organization/nexo
Jun 27, 2007,/organization/about-me
Jun 1, 2005,/organization/memory-matrix
/organization/skyworks-solutions,May 27, 2011,/organization/advanced-analogic-technologies
May 17, 2011,/organization/sige-semiconductor
Jun, 2009,/organization/axiom-microdevices
/organization/sony,Jan 22, 2016,/organization/altair-semiconductor
Oct 8, 2015,/organization/softkinetic
May 27, 2015,/organization/optical-archive-2
Apr 4, 2015,/organization/onlive
Mar 18, 2015,/organization/the-orchard
Sep 12, 2012,/organization/pixim
Jul 2, 2012,/organization/gaikai
Mar 2, 2010,/organization/littlebigplanet
Jan 28, 2010,/organization/convergent-media-systems
Apr 22, 2008,/organization/gracenote
Sep 14, 2004,/organization/mgm
/organization/tech-data,2013,/organization/tdmobility
2012,/organization/brightstar
2003,/organization/azlan
/organization/texas-instruments,Apr 4, 2011,/organization/national-semiconductor-corporation
May 14, 2009,/organization/luminary-micro
Feb 11, 2009,/organization/ciclon-semiconductor-device-corporation
Jul 30, 2003,/organization/radia-communications
/organization/thermo-fisher-scientific,Feb 12, 2016,/organization/inel
Jan 8, 2016,/organization/affymetrix
Feb 5, 2015,/organization/advanced-scientifics-asi-
Mar 17, 2014,/organization/prionics-ag
Feb 4, 2014,/organization/life-technologies
Dec 21, 2012,/organization/picospin
Jul 16, 2012,/organization/one-lambda
May 1, 2012,/organization/doe-ingalls
Jul 18, 2011,/organization/trek-diagnostic-systems
Jul 16, 2010,/organization/fermentas-international
May 27, 2010,/organization/polychromix
Apr 21, 2010,/organization/proxeon
Jan 19, 2010,/organization/ahura-scientific
Jul 17, 2008,/organization/abr-affinity-bioreagents
Jan 29, 2007,/organization/cohesive-technologies
/organization/toshiba,Feb 12, 2013,/organization/consert
May 19, 2011,/organization/landis-gyr
/organization/tune,Oct 30, 2015,/organization/artisan-mobile
Jul 30, 2015,/organization/appfuel
Aug 4, 2014,/organization/mobiledevhq
Jul 25, 2012,/organization/adconnect
/organization/tripadvisor,Feb 2, 2015,/organization/zetrip
Jan 8, 2015,/organization/iens-independent-index
Jul 24, 2014,/organization/viator
May 7, 2014,/organization/lafourchette
May 5, 2014,/organization/tripbod
Oct 15, 2013,/organization/oyster-hotel-reviews
Jun 19, 2013,/organization/gateguru
May 15, 2013,/organization/niumba
Apr 10, 2013,/organization/jetsetter
Mar 22, 2013,/organization/tiny-review
Oct 2, 2012,/organization/wanderfly
Jul 11, 2011,/organization/where-ive-been
Feb 3, 2011,/organization/everytrail
Jun 24, 2010,/organization/holidaylettings-co-uk
Oct, 2009,/organization/kuxun
Aug 20, 2008,/organization/flipkey
Apr, 2008,/organization/airfarewatchdog-com
Feb 1, 2008,/organization/holiday-watchdog
May 23, 2007,/organization/the-independent-traveler
May, 2007,/organization/travelpod
Feb 28, 2007,/organization/smarter-travel-media
/organization/unitedonline,Apr 30, 2008,/organization/ftd
Apr 10, 2006,/organization/mypoints-inc
Mar, 2006,/organization/opobox
Nov 12, 2004,/organization/classmates-com
Oct 12, 2002,/organization/bluelight-com
Mar, 2001,/organization/spinway
/organization/twitter,Oct 26, 2015,/organization/zeropush
Oct 22, 2015,/organization/fastlane-3
Jun 17, 2015,/organization/whetlab
Apr 28, 2015,/organization/tellapart
Apr 2, 2015,/organization/tenxer
Mar 10, 2015,/organization/periscope-co
Feb 11, 2015,/organization/the-niche-project-inc
Jan 19, 2015,/organization/zipdial
Aug 11, 2014,/organization/gnip
Jul 31, 2014,/organization/mitro
Jul 17, 2014,/organization/cardspring
Jun 30, 2014,/organization/tapcommerce
Jun 19, 2014,/organization/snappytv
Jun 5, 2014,/organization/namo-media
Jun 5, 2014,/organization/namo-media
Apr 7, 2014,/organization/cover-lockscreen
Apr 4, 2014,/organization/adrenaline-mobility
Mar 31, 2014,/organization/secondsync
Mar 31, 2014,/organization/mesagraph
Sep 9, 2013,/organization/mopub
Aug 28, 2013,/organization/trendrr
Aug 13, 2013,/organization/marakana
Jun 19, 2013,/organization/spindle
May 13, 2013,/organization/lucky-sort
May 9, 2013,/organization/ubalo
Feb 4, 2013,/organization/bluefin-labs
Jan 28, 2013,/organization/crashlytics
Oct 18, 2012,/organization/cabana
Oct 9, 2012,/organization/vine
Aug 13, 2012,/organization/clutch-io
Apr 17, 2012,/organization/hotspots-io
Mar 12, 2012,/organization/posterous
Jan 24, 2012,/organization/dasient
Jan 19, 2012,/organization/summify
Nov 28, 2011,/organization/whisper-systems
Sep 21, 2011,/organization/julpan
Aug 8, 2011,/organization/bagcheck
Jul 5, 2011,/organization/backtype
May 31, 2011,/organization/adgrok
May 2, 2011,/organization/tweetdeck
Dec 21, 2010,/organization/fluther
Jun 10, 2010,/organization/dabbledb
Jun 10, 2010,/organization/smallthought-systems
Apr 22, 2010,/organization/cloudhopper
Apr 9, 2010,/organization/atebits
Dec 23, 2009,/organization/mixer-labs
Nov 24, 2008,/organization/values-of-n
Jul 15, 2008,/organization/summize
/organization/vmware,Oct 14, 2015,/organization/boxer
Feb 3, 2015,/organization/immidio
Aug 20, 2014,/organization/cloudvolumes
Jan 22, 2014,/organization/airwatch
Oct 15, 2013,/organization/desktone
Feb 11, 2013,/organization/virsto
Jul 23, 2012,/organization/nicira
Jul 2, 2012,/organization/dynamicops
May 22, 2012,/organization/wanova
Aug, 2011,/organization/packetmotion-inc
Jun 13, 2011,/organization/digital-fuel
May 31, 2011,/organization/socialcast
May 16, 2011,/organization/shavlik-technologies
Apr 26, 2011,/organization/sliderocket
Mar 8, 2011,/organization/wavemaker
Aug 31, 2010,/organization/integrien
Aug 31, 2010,/organization/tricipher
Aug 10, 2009,/organization/springsource
Nov 30, 2008,/organization/blue-lane-technologies
May 28, 2008,/organization/b-hive-networks
Jan 15, 2008,/organization/thinstall-inc
Jun 18, 2006,/organization/akimbi-systems
/organization/western-digital-technologies,Oct 21, 2015,/organization/sandisk
Sep 9, 2013,/organization/virident-systems
Jan 22, 2013,/organization/arkeia-software
Mar 30, 2009,/organization/siliconsystems
Jun 28, 2007,/organization/komag
Feb 2, 1999,/organization/crag-technology
/organization/wipro,Feb 11, 2016,/organization/healthplan-services
Dec 23, 2015,/organization/viteos-group
Dec 2, 2015,/organization/cellent-ag
Jul 9, 2015,/organization/designit
Dec 2, 2013,/organization/opus-capital-markets-consultants
May 1, 2012,/organization/promax-application-group
Apr, 2011,/organization/saic
Jul 2, 2008,/organization/gallagher-financial-systems
2006,/organization/cmango-inc
/organization/workday,Sep 29, 2015,/organization/mediacore
Apr 25, 2015,/organization/gridcraft
Feb 20, 2014,/organization/identified-com
Feb 6, 2008,/organization/cape-clear-software
/organization/xerox,Aug 24, 2015,/organization/rsa-medical
May 6, 2014,/organization/isg-holdings
Apr 13, 2014,/organization/smart-data-consulting
Jun 5, 2013,/organization/learn-something
Jul 7, 2012,/organization/wds
May 25, 2011,/organization/newfield-it
Sep 28, 2009,/organization/affiliated-computer-services
Oct 3, 2006,/organization/xmpie
/organization/xilinx,May 17, 2011,/organization/sarance-technologies
Mar 9, 2004,/organization/triscend
/organization/xo-group,Oct 2, 2015,/organization/gigmasters
Jun 18, 2015,/organization/lumenis
Mar 21, 2014,/organization/gojee
Sep 17, 2013,/organization/hoppit
May 21, 2009,/organization/ewish
Jan 27, 2009,/organization/wedsnap
Jan 14, 2009,/organization/breastfeeding-com
Feb 28, 2008,/organization/the-bump
Jun 5, 2006,/organization/wedding-channel
/organization/yelp,Feb 10, 2015,/organization/eat24hours
Oct 28, 2014,/organization/cityvox
Oct 24, 2014,/organization/restaurant-kritik
Jul 18, 2013,/organization/seatme
Oct 25, 2012,/organization/qype
/organization/zynga,Feb 10, 2016,/organization/zindagi-games
Sep 14, 2015,/organization/rising-tide-games
Jun 15, 2015,/organization/superlabs
Jan 30, 2014,/organization/naturalmotion
Jun 19, 2013,/organization/spooky-cool-labs
Nov 10, 2012,/organization/november-software
Sep 17, 2012,/organization/a-bit-lucky
May 14, 2012,/organization/wild-needle
Mar 21, 2012,/organization/omgpop
Aug, 2011,/organization/hiplogic
Jul 8, 2011,/organization/five-mobile
May 18, 2011,/organization/dna-games
Apr 27, 2011,/organization/wonderland-software
Apr 19, 2011,/organization/jamlegend
Apr 1, 2011,/organization/marketzero
Mar 18, 2011,/organization/floodgate-entertainment
Feb, 2011,/organization/whereoscope
Jan 23, 2011,/organization/area-code
Jan 5, 2011,/organization/flock
2011,/organization/astro-ape
Dec 2, 2010,/organization/newtoy
Oct 5, 2010,/organization/bonfire-studios
Sep 24, 2010,/organization/dextrose
Aug 17, 2010,/organization/conduitlabs
Jun 3, 2010,/organization/challenge-games
May 21, 2010,/organization/xpd-media
May 20, 2010,/organization/xpd-media
Feb 11, 2010,/organization/serious-business
Jun 5, 2009,/organization/myminilife
Jul 22, 2008,/organization/yoville
/organization/yahoo,Jul 31, 2015,/organization/polyvore
Jul 24, 2015,/organization/media-group-one
Nov 21, 2014,/organization/cooliris
Nov 11, 2014,/organization/brightroll
Oct 3, 2014,/organization/messageme
Sep 22, 2014,/organization/bookpad-tech
Sep 7, 2014,/organization/luminate
Aug 15, 2014,/organization/clarityray
Aug 12, 2014,/organization/zofari
Jul 21, 2014,/organization/flurry
Jul 11, 2014,/organization/rayv
May 13, 2014,/organization/blink-2
Mar 5, 2014,/organization/vizify
Feb 13, 2014,/organization/distill
Feb 11, 2014,/organization/wander
Jan 30, 2014,/organization/incredible-labs
Jan 28, 2014,/organization/tomfoolery
Jan 24, 2014,/organization/cloud-party
Jan 21, 2014,/organization/mskynet
Jan 7, 2014,/organization/aviate
Dec 17, 2013,/organization/peercdn
Dec 9, 2013,/organization/quik-io
Dec 6, 2013,/organization/evntlive
Dec 3, 2013,/organization/ptch
Dec 2, 2013,/organization/skyphrase
Oct 23, 2013,/organization/lookflow
Oct 13, 2013,/organization/bread-labs
Oct 1, 2013,/organization/hitpost
Aug 23, 2013,/organization/iq-engines
Aug 1, 2013,/organization/rockmelt
Jul 31, 2013,/organization/lexity
Jul 18, 2013,/organization/ztelic
Jul 17, 2013,/organization/admovate
Jul 8, 2013,/organization/xobni
Jul 2, 2013,/organization/qwiki
Jul 2, 2013,/organization/bignoggins-productions
Jun 13, 2013,/organization/rondee
Jun 12, 2013,/organization/ghostbird-software
May 23, 2013,/organization/playerscale
May 20, 2013,/organization/tumblr
May 10, 2013,/organization/loki-studios
May 9, 2013,/organization/gopollgo
May 9, 2013,/organization/milewise
May 1, 2013,/organization/astrid
Mar 25, 2013,/organization/summly
Mar 20, 2013,/organization/jybe
Feb 12, 2013,/organization/propeld-inc
Feb 12, 2013,/organization/alike
Jan 22, 2013,/organization/snip-it
Dec 5, 2012,/organization/ontheair
Oct 25, 2012,/organization/stamped
Nov 1, 2011,/organization/interclick
May 11, 2011,/organization/5to1
Apr 25, 2011,/organization/intonow
Oct 5, 2010,/organization/dapper
May 25, 2010,/organization/koprol
May 18, 2010,/organization/associatedcontent
Mar 17, 2010,/organization/citizen-sports
Feb 26, 2010,/organization/maktoob
Jul 23, 2009,/organization/xoopit
May 9, 2008,/organization/inquisitor
Apr 9, 2008,/organization/indextools
Feb 4, 2008,/organization/foxytunes
Jan 31, 2008,/organization/maven-networks
Sep 17, 2007,/organization/zimbra
Sep 14, 2007,/organization/www-buzztracker-com
Sep 4, 2007,/organization/bluelithium
Jun 20, 2007,/organization/rivals-com
Apr 29, 2007,/organization/right-media
Jan 9, 2007,/organization/mybloglog
Dec 14, 2006,/organization/wretch
Nov 17, 2006,/organization/kenet-works
Nov 16, 2006,/organization/bix
Oct 17, 2006,/organization/adinterax
Sep 27, 2006,/organization/jumpcut
Apr 18, 2006,/organization/meedio
Jan 16, 2006,/organization/searchfox
Jan 10, 2006,/organization/webjay
Dec 1, 2005,/organization/delicious
Oct 18, 2005,/organization/whereonearth
Oct 5, 2005,/organization/upcoming
Jul 25, 2005,/organization/konfabulator
Jun 14, 2005,/organization/dialpad
Apr 12, 2005,/organization/terespondo
Mar 20, 2005,/organization/flickr
Mar 4, 2005,/organization/stadeon
Feb, 2005,/organization/verdisoft
Dec 7, 2004,/organization/wuf-networks
Oct, 2004,/organization/stata-labs
Sep 14, 2004,/organization/musicmatch
Sep, 2004,/organization/the-all-seeing-eye
Jul 12, 2004,/organization/oddpost
Mar 26, 2004,/organization/kelkoo
Jan, 2004,/organization/3721-internet-assistant
Jul 14, 2003,/organization/overture-services
Feb 2, 2003,/organization/alltheweb
Dec 23, 2002,/organization/inktomi
Jan 11, 2002,/organization/hotjobs
Jan 8, 2002,/organization/cad
Jun 28, 2001,/organization/launch-media
Apr 11, 2001,/organization/sold-com-au
Feb 26, 2001,/organization/kimo
Jun 30, 2000,/organization/vivasmart
Jun 28, 2000,/organization/egroups
Mar 23, 2000,/organization/arthas
Mar, 2000,/organization/myquest
Jul 2, 1999,/organization/online-anywhere
May 27, 1999,/organization/encompass
Apr 1, 1999,/organization/broadcast-com
Jan 28, 1999,/organization/geocities
Jan 1, 1999,/organization/log-me-on-com
Dec 17, 1998,/organization/hyperparallel
Oct 13, 1998,/organization/yoyodyne-entertainment
Sep, 1998,/organization/sportasy
Jul, 1998,/organization/webcal
Jun 8, 1998,/organization/viaweb
Mar, 1998,/organization/classicgames-com
Oct, 1997,/organization/four11
Aug 8, 1997,/organization/net-controls
/organization/intel,Jan 4, 2016,/organization/ascending-technologies
Oct 26, 2015,/organization/saffron-technology
Jun 18, 2015,/organization/recon-instruments
Jun 1, 2015,/organization/altera
Feb 2, 2015,/organization/lantiq
Jan 21, 2015,/organization/composyt-light-labs
Dec 1, 2014,/organization/passwordbox
Aug 13, 2014,/organization/avago-technologies
Mar 3, 2014,/organization/basis-science
Nov 20, 2013,/organization/hacker-league
Nov 8, 2013,/organization/kno
Sep 30, 2013,/organization/sensory-networks
Sep 13, 2013,/organization/indisys
Jul 16, 2013,/organization/omek-interactive
Apr 28, 2013,/organization/aepona
Apr 17, 2013,/organization/mashery
Jul 13, 2012,/organization/whamcloud
Jul 2, 2012,/organization/idesia
Apr 17, 2012,/organization/olaworks
Sep 13, 2011,/organization/cofluent-design
Jul 19, 2011,/organization/fulcrum-microsystems
Apr 14, 2011,/organization/nordic-edge
Apr 14, 2011,/organization/nordic-edge
Mar 14, 2011,/organization/sysdsoft
Nov 15, 2010,/organization/cognovision
Aug 19, 2010,/organization/mcafee
Feb 5, 2010,/organization/virtutech
Feb, 2010,/organization/infineon
Aug 19, 2009,/organization/rapidmind
Aug, 2009,/organization/cilk
Jun 4, 2009,/organization/wind-river
Feb, 2009,/organization/swiftfoot-graphics-ab
Oct 15, 2008,/organization/neteffect
Aug 28, 2008,/organization/opened-hand
Sep 14, 2007,/organization/havok
Feb 8, 2006,/organization/conformative-systems
Aug 17, 2005,/organization/sarvega
Feb 25, 2005,/organization/oplus-technologies
Mar 25, 2004,/organization/envara
Nov 8, 2003,/organization/mobilian
Aug 29, 2003,/organization/acirro
Jul 8, 2003,/organization/west-bay-semiconductor
Jun 1, 2003,/organization/scale-eight
Sep 17, 2002,/organization/sparkolor-corporation
Apr 24, 2001,/organization/cognet
Apr 24, 2001,/organization/lightlogic
Mar 20, 2001,/organization/icp-vortex-computersysteme
Mar 12, 2001,/organization/cad-ul
Feb 26, 2001,/organization/vxtel
Jan 15, 2001,/organization/xircom
Aug 15, 2000,/organization/ziatech
Aug 11, 2000,/organization/datakinetics
Jul 4, 2000,/organization/ford-microelectronics
Apr 10, 2000,/organization/picazo-communications
Apr 6, 2000,/organization/kuck-associates
Mar 21, 2000,/organization/basis-communications
Mar 15, 2000,/organization/giga
Feb 24, 2000,/organization/voice-technologies
Feb 4, 2000,/organization/ambient-technologies
Feb 4, 2000,/organization/thinkit-technologies
Nov 15, 1999,/organization/parity-software-development
Oct 5, 1999,/organization/ipivot
Sep 1, 1999,/organization/netboost
Jul 7, 1999,/organization/softcom-microsystems
Mar 4, 1999,/organization/level-one-communications
1999,/organization/xlnt
Dec 3, 1998,/organization/icat
Oct 26, 1998,/organization/shiva-corporation
Sep 30, 1997,/organization/corollary
Sep 25, 1997,/organization/dayna-communications
Jul 27, 1997,/organization/chips-and-technologies
/organization/ibm,Feb 29, 2016,/organization/co3-systems
Feb 18, 2016,/organization/truven-health-analytics
Feb 3, 2016,/organization/ecx-io
Feb 2, 2016,/organization/aperto
Jan 28, 2016,/organization/resource-ammirati
Jan 21, 2016,/organization/ustream
Jan 15, 2016,/organization/iris-analytics
Dec 8, 2015,/organization/clearleap
Nov 3, 2015,/organization/gravitant
Oct 28, 2015,/organization/the-weather-company
Oct 5, 2015,/organization/cleversafe
Sep 28, 2015,/organization/meteorix
Sep 10, 2015,/organization/strongloop
Aug 6, 2015,/organization/merge-healthcare
Jul 23, 2015,/organization/mongohq
Jun 3, 2015,/organization/blue-box-group
Apr 16, 2015,/organization/explorys
Mar 27, 2015,/organization/blekko
Mar 4, 2015,/organization/alchemyapi
Jul 31, 2014,/organization/crossideas-5
May 20, 2014,/organization/cognea
Apr 10, 2014,/organization/silverpop
Feb 24, 2014,/organization/cloudant
Dec 19, 2013,/organization/aspera
Nov 13, 2013,/organization/fiberlink-communications-corp
Oct 29, 2013,/organization/the-now-factory
Oct 3, 2013,/organization/xtify
Aug 15, 2013,/organization/trusteer
Jul 10, 2013,/organization/csl-international
Jun 4, 2013,/organization/softlayer
Apr 22, 2013,/organization/urbancode
Feb 1, 2013,/organization/star-analytics
Dec 19, 2012,/organization/storediq
Sep 24, 2012,/organization/butterfly-software
Aug 28, 2012,/organization/kenexa
Aug 16, 2012,/organization/texas-memory-systems
Jul 1, 2012,/organization/cibecs
May 2, 2012,/organization/tealeaf
Apr 25, 2012,/organization/vivsimo
Apr 13, 2012,/organization/varicent-software
Jan 31, 2012,/organization/worklight
Jan 4, 2012,/organization/green-hat
Dec 15, 2011,/organization/emptoris
Dec 8, 2011,/organization/demandtec
Oct 11, 2011,/organization/platform-computing
Oct 4, 2011,/organization/q1-labs
Sep 1, 2011,/organization/algorithmics
Aug 31, 2011,/organization/i2
Apr 14, 2011,/organization/tririga
Oct 21, 2010,/organization/clarity-systems
Oct 13, 2010,/organization/pss-systems
Oct 6, 2010,/organization/unica
Sep 27, 2010,/organization/blade-network-technologies
Sep 20, 2010,/organization/netezza
Sep 15, 2010,/organization/openpages
Jul 1, 2010,/organization/bigfix
Jun 15, 2010,/organization/coremetrics
Jun 14, 2010,/organization/storwize
May 24, 2010,/organization/sterling-commerce
May 3, 2010,/organization/castiron-systems
Feb 16, 2010,/organization/intelliden
Feb 3, 2010,/organization/initiate-systems
Dec 16, 2009,/organization/lombardi-software
Nov 30, 2009,/organization/guardium
Sep 22, 2009,/organization/redpill-solutions
Jul 28, 2009,/organization/ounce-labs
Jul 28, 2009,/organization/spss
May 5, 2009,/organization/exeros
Apr 16, 2009,/organization/outblaze
Nov 18, 2008,/organization/transitive
Jul 28, 2008,/organization/ilog
Jul 2, 2008,/organization/platform-solutions
Apr 29, 2008,/organization/infodyne-corporation
Apr 18, 2008,/organization/diligent-technologies
Apr 10, 2008,/organization/filesx
Mar 12, 2008,/organization/encentuate
Feb 1, 2008,/organization/arsenal-digital-solutions
Jan 31, 2008,/organization/cognos
Jan 23, 2008,/organization/aptsoft
Jan 18, 2008,/organization/net-integration-technologies
Jan 2, 2008,/organization/xiv
Dec 21, 2007,/organization/solid-information-technology
Oct 24, 2007,/organization/novuscg
Sep 13, 2007,/organization/princeton-softech
Sep 4, 2007,/organization/datamirror
Aug 22, 2007,/organization/webdialogs
Jul 23, 2007,/organization/watchfire
Jun 11, 2007,/organization/telelogic
Mar 1, 2007,/organization/softek-storage-solutions
Feb 14, 2007,/organization/vallent-corporation
Jan 24, 2007,/organization/consul-risk-management-international
Dec 5, 2006,/organization/consul-risk-management-international
Nov 10, 2006,/organization/palisades-technology-partners
Oct 20, 2006,/organization/internet-security-systems
Oct 12, 2006,/organization/filenet-corporation
Oct 5, 2006,/organization/mro-software
Sep 30, 2006,/organization/valchemy
Sep 6, 2006,/organization/global-value-solutions
Aug 2, 2006,/organization/webify-solutions
May 18, 2006,/organization/rembo-technology
May 8, 2006,/organization/unicorn-solutions
May 2, 2006,/organization/buildforge
Mar 16, 2006,/organization/language-analysis-systems
Feb 8, 2006,/organization/viacore
Jan 27, 2006,/organization/argus-semiconductor-software
Jan 25, 2006,/organization/cims-lab
Dec 21, 2005,/organization/micromuse
Dec 20, 2005,/organization/bowstreet
Nov 16, 2005,/organization/collation-inc
Nov 9, 2005,/organization/network-solutions-private-limited
Nov 1, 2005,/organization/iphrase-systems
Oct 18, 2005,/organization/datapower-technology
Sep 1, 2005,/organization/dwl
Aug 5, 2005,/organization/pureedge-solutions
Jul 27, 2005,/organization/isogon-corporation
Jun 23, 2005,/organization/meiosys
May 10, 2005,/organization/gluecode-software
May 2, 2005,/organization/ascential-software
Feb 2, 2005,/organization/equitant
Jan 25, 2005,/organization/corio
Jan 7, 2005,/organization/srd
Dec 13, 2004,/organization/keymro
Nov 23, 2004,/organization/liberty-insurance-services
Oct 12, 2004,/organization/systemcorp-a-l-g
Aug 26, 2004,/organization/venetica
Aug 17, 2004,/organization/maersk-data
Jul 29, 2004,/organization/cyanea-systems
Jul 14, 2004,/organization/alphablox-corporation
Jun 7, 2004,/organization/candle
Apr 7, 2004,/organization/daksh-infosoft
Apr 7, 2004,/organization/daksh-eservices
Mar 9, 2004,/organization/trigo-technologies
Dec 17, 2003,/organization/green-pasture-software
Nov 13, 2003,/organization/productivity-solutions
Oct 14, 2003,/organization/crossaccess
Jul 15, 2003,/organization/aptrix
May 14, 2003,/organization/think-dynamics
Feb 20, 2003,/organization/rational-software
Nov 4, 2002,/organization/tarian-software
Oct 2, 2002,/organization/pwc-consulting
Sep 12, 2002,/organization/holosofx
Sep 3, 2002,/organization/access360
Aug 29, 2002,/organization/trellisoft
Jun 25, 2002,/organization/metamerge
Jan 14, 2002,/organization/crossworlds-software
Jun 7, 2001,/organization/mainspring
Jul 27, 1999,/organization/mylex
Jul 6, 1995,/organization/lotus-development-corporation
Aug, 1994,/organization/transarc
/organization/hewlett-packard,Mar 2, 2015,/organization/aruba-networks
Feb 9, 2015,/organization/voltage-security
Sep 12, 2014,/organization/eucalyptus-systems-inc
May 1, 2013,/organization/shunra-software
Dec 6, 2011,/organization/hiflex-software
Aug 18, 2011,/organization/autonomy
Mar 22, 2011,/organization/vertica-systems
Sep 13, 2010,/organization/arcsight-inc
Sep 2, 2010,/organization/3par
Aug 26, 2010,/organization/stratavia
Aug 17, 2010,/organization/fortify-software
Jul 1, 2010,/organization/palm
Jun 23, 2010,/organization/melodeo
Nov 11, 2009,/organization/3com
Jul 17, 2009,/organization/ibrix
Jun 19, 2009,/organization/excelleratehro
Oct 1, 2008,/organization/lefthand-networks
Aug 11, 2008,/organization/colubris
May 13, 2008,/organization/eds
Mar 31, 2008,/organization/tower-software
Jan 22, 2008,/organization/exstream-software
Dec 12, 2007,/organization/nur-macroprinters
Nov 12, 2007,/organization/eyp-mission-critical-facilities
Oct 22, 2007,/organization/atos-origin-middle-east-group
Oct 1, 2007,/organization/neoware
Sep 13, 2007,/organization/macdermid-colorspan
Jul 23, 2007,/organization/opsware
Jun 19, 2007,/organization/spi-dynamics
Apr 24, 2007,/organization/arteis
Mar 20, 2007,/organization/tabblo
Feb 26, 2007,/organization/polyserve
Feb 5, 2007,/organization/bristol-technology
Dec 20, 2006,/organization/bitfone-corporation
Dec 12, 2006,/organization/knightsbridge-solutions
Sep 28, 2006,/organization/voodoopc
Jul 25, 2006,/organization/mercury-interactive
Jun 27, 2006,/organization/the-technology-partners
Jun 6, 2006,/organization/silverwire-holding
Feb 7, 2006,/organization/outerbay-technologies
Dec 13, 2005,/organization/pixaco
Nov 30, 2005,/organization/trustgenix
Oct 3, 2005,/organization/rlx-technologies
Sep 19, 2005,/organization/appiq
Sep 19, 2005,/organization/peregrine-systems
Sep 7, 2005,/organization/cgnz
Aug 12, 2005,/organization/scitex-vision
Apr 1, 2005,/organization/snapfish
2005,/organization/scitex
Aug 8, 2004,/organization/synstar
May 5, 2004,/organization/cec-europe-service-management
Apr 2, 2004,/organization/novadigm
Mar 11, 2004,/organization/trulogica
Feb 23, 2004,/organization/triaton
Feb 16, 2004,/organization/consera-software
Nov 11, 2003,/organization/persist-technologies
Sep 3, 2003,/organization/talking-blocks
Aug 13, 2003,/organization/extreme-logic
Jul 23, 2003,/organization/pipebeach
Sep 24, 2001,/organization/storageapps
Sep 6, 2001,/organization/arti-media
Sep 4, 2001,/organization/compaq
Aug 28, 2001,/organization/trinagy
Jan 18, 2001,/organization/bluestone-software
Sep 20, 1999,/organization/qosnetics
Aug 4, 1999,/organization/security-force-software
Jun 7, 1999,/organization/dazel
May 15, 1999,/organization/telegra
May 4, 1999,/organization/transoft-networks
Oct 30, 1998,/organization/open-skies
Oct 19, 1998,/organization/scope-communications
Mar 27, 1998,/organization/heartstream
Nov 25, 1997,/organization/optimization-systems
Jun 6, 1997,/organization/prolin
Apr 23, 1997,/organization/verifone
Mar 10, 1997,/organization/vital-technology-pte-ltd
Aug 5, 1996,/organization/trellis-software-controls
Jun 20, 1996,/organization/division
Dec 21, 1995,/organization/elseware
Sep 21, 1995,/organization/convex-computer
Oct 31, 1994,/organization/versatest
Jun 8, 1994,/organization/calan
Sep 20, 1993,/organization/bt-d-technologies
Sep 13, 1993,/organization/eesof
May 27, 1993,/organization/metrix-network-systems
Mar 22, 1993,/organization/four-pi-systems
Oct 23, 1992,/organization/colorado-memory-systems
Dec 31, 1991,/organization/abb-cade
Aug 8, 1991,/organization/avantek
Jan 28, 1991,/organization/applied-optoelectronic-tech
Apr 13, 1989,/organization/apollo-computer
Jan 12, 1989,/organization/eon-systems
/organization/google,Feb 18, 2016,/organization/pie-computing
Nov 19, 2015,/organization/bebop
Nov 6, 2015,/organization/fly-labs
Oct 17, 2015,/organization/digisfera
Oct 13, 2015,/organization/divshot
Sep 30, 2015,/organization/jibe-mobile
Sep 21, 2015,/organization/oysterbooks-com
Jun 18, 2015,/organization/agawi
May 4, 2015,/organization/timeful
Feb 24, 2015,/organization/red-hot-labs
Feb 8, 2015,/organization/nimbuz
Feb 3, 2015,/organization/launchpad-toys
Nov 18, 2014,/organization/relativewave
Oct 21, 2014,/organization/firebase
Sep 11, 2014,/organization/polar
Sep 11, 2014,/organization/lynx-design
Aug 26, 2014,/organization/zync-render
Aug 22, 2014,/organization/gecko-design-inc
Aug 15, 2014,/organization/jetpac
Aug 6, 2014,/organization/emu-chat
Aug, 2014,/organization/directr
Jul 23, 2014,/organization/drawelements
Jul 1, 2014,/organization/songza
Jul 1, 2014,/organization/songza
Jun 25, 2014,/organization/appurify
Jun 19, 2014,/organization/mdialog
Jun 19, 2014,/organization/alpental-technologies
Jun 10, 2014,/organization/skybox-imaging
May 20, 2014,/organization/divide
May 16, 2014,/organization/quest-visual
May 7, 2014,/organization/appetas
May 7, 2014,/organization/stackdriver
May 6, 2014,/organization/adometry
May 2, 2014,/organization/rangespan
Apr 14, 2014,/organization/titan-aerospace
Mar 12, 2014,/organization/green-throttle-games
Feb 21, 2014,/organization/spider-io
Feb 16, 2014,/organization/slicklogin
Feb 7, 2014,/organization/nest-labs
Jan 26, 2014,/organization/deepmind
Jan 16, 2014,/organization/impermium
Jan 4, 2014,/organization/bitspin
Dec 13, 2013,/organization/boston-dynamics
Dec 2, 2013,/organization/schaft
Oct 22, 2013,/organization/flexycore
Oct 2, 2013,/organization/flutter-io
Sep 16, 2013,/organization/bump-technologies
Aug 31, 2013,/organization/wimm-labs
Jun 11, 2013,/organization/waze
Apr 23, 2013,/organization/wavii
Apr 12, 2013,/organization/behavio
Mar 15, 2013,/organization/talaria
Feb 6, 2013,/organization/channel-intelligence
Nov 30, 2012,/organization/bufferbox
Nov 28, 2012,/organization/incentive-targeting
Sep 17, 2012,/organization/nik-software
Sep 7, 2012,/organization/virustotal
Aug 13, 2012,/organization/frommers
Jul 31, 2012,/organization/wildfire-interactive
Jul 31, 2012,/organization/wildfire-interactive-2
Jul 20, 2012,/organization/sparrow
Jun 5, 2012,/organization/quickoffice
Jun 4, 2012,/organization/meebo
Jun 1, 2012,/organization/kikscore
May 22, 2012,/organization/motorola-mobility
Apr 2, 2012,/organization/txvia
Mar 16, 2012,/organization/milk
Dec 13, 2011,/organization/cellixis
Dec 9, 2011,/organization/rightsflow
Nov 10, 2011,/organization/katango
Nov 10, 2011,/organization/apture
Oct 26, 2011,/organization/zagat
Oct 10, 2011,/organization/socialgrapple
Sep 19, 2011,/organization/dailydeal
Sep 2, 2011,/organization/zave-networks
Aug 1, 2011,/organization/the-dealmap
Jul 22, 2011,/organization/pittpatt
Jul 21, 2011,/organization/the-fridge
Jul 20, 2011,/organization/justspotted
Jul 20, 2011,/organization/scoopler-inc
Jul 11, 2011,/organization/punchd
Jun 19, 2011,/organization/sagetv
Jun 3, 2011,/organization/aiderss
Jun, 2011,/organization/admeld
May 23, 2011,/organization/sparkbuy
May 20, 2011,/organization/modu
Apr 25, 2011,/organization/talkbin
Apr 25, 2011,/organization/numovis-inc
Apr 13, 2011,/organization/ita-software
Apr 8, 2011,/organization/pushlife
Mar 7, 2011,/organization/beatthatquote-com
Mar 1, 2011,/organization/zynamics
Jan 25, 2011,/organization/fflick
Jan 12, 2011,/organization/ebook-technologies
Dec 3, 2010,/organization/phonetic-arts
Dec 3, 2010,/organization/widevine
Oct 1, 2010,/organization/blindtype
Sep 28, 2010,/organization/plannr
Sep 14, 2010,/organization/quiksee
Sep 12, 2010,/organization/mentorwave-technologies
Aug 30, 2010,/organization/socialdeck
Aug 27, 2010,/organization/angstro
Aug 20, 2010,/organization/like
Aug 13, 2010,/organization/zetawire
Aug 9, 2010,/organization/jambool
Aug 6, 2010,/organization/slide
Aug 4, 2010,/organization/instantiations
Jul 16, 2010,/organization/metawebtechnologies
Jul 16, 2010,/organization/freebase
Jun 2, 2010,/organization/invitemedia
May 21, 2010,/organization/ruba
May 20, 2010,/organization/simplify-media
May 18, 2010,/organization/global-ip-solutions
May 2, 2010,/organization/bumptop
Apr 27, 2010,/organization/labpixies
Apr 20, 2010,/organization/agnilux
Apr 12, 2010,/organization/plink-solutions
Apr 12, 2010,/organization/plink-search
Apr 2, 2010,/organization/episodic
Mar 1, 2010,/organization/picnik
Feb 19, 2010,/organization/on2
Feb 17, 2010,/organization/remail
Feb 11, 2010,/organization/aardvark
Jan 25, 2010,/organization/saynow
Dec 5, 2009,/organization/docverse
Dec 4, 2009,/organization/appjet
Nov 23, 2009,/organization/teracent
Nov 9, 2009,/organization/admob
Nov 9, 2009,/organization/gizmofive
Sep 16, 2009,/organization/recaptcha
Sep 12, 2008,/organization/tnc
Jul 30, 2008,/organization/omnisio
Mar 11, 2008,/organization/doubleclick
Oct 9, 2007,/organization/jaiku
Sep 27, 2007,/organization/zingku
Aug 20, 2007,/organization/tianya-cn
Jul 20, 2007,/organization/image-america-inc
Jul 9, 2007,/organization/postini
Jul 1, 2007,/organization/grandcentral
Jun 19, 2007,/organization/zenter
Jun 5, 2007,/organization/peakstream
Jun 1, 2007,/organization/feedburner
May 31, 2007,/organization/panoramio
May 29, 2007,/organization/greenborder
Apr 19, 2007,/organization/marratech
Apr 17, 2007,/organization/tonic-systems
Mar 16, 2007,/organization/trendalyzer
Feb 16, 2007,/organization/adscape
Dec 18, 2006,/organization/endoxon
Oct 31, 2006,/organization/jotspot
Oct, 2006,/organization/youtube
Aug 15, 2006,/organization/neven-vision
Jun 1, 2006,/organization/2web-technologies
Apr 9, 2006,/organization/orion
Mar 14, 2006,/organization/last-software
Mar 9, 2006,/organization/upstartle
Feb 14, 2006,/organization/measure-map
Jan 1, 2006,/organization/dmarcbroadcasting
Dec 31, 2005,/organization/brunet
Dec 31, 2005,/organization/allpay
Dec 27, 2005,/organization/phatbits
Nov 17, 2005,/organization/akwan-information-technologies
Nov 9, 2005,/organization/skia
Aug 16, 2005,/organization/android
May 12, 2005,/organization/dodgeball
Mar 28, 2005,/organization/urchin-software
Jan, 2005,/organization/reqwireless
Oct 27, 2004,/organization/keyhole-inc
Oct 9, 2004,/organization/where2
Sep 10, 2004,/organization/zipdash
May 10, 2004,/organization/ignite-logic
Oct 23, 2003,/organization/sprinks
Oct 7, 2003,/organization/genius-labs
Sep 30, 2003,/organization/kaltix
Jun 4, 2003,/organization/neotonic-software
Apr 28, 2003,/organization/applied-semantics
Feb 17, 2003,/organization/pyra-labs
Sep 20, 2001,/organization/outride
Feb 12, 2001,/organization/deja
/organization/cisco,Mar 2, 2016,/organization/leaba-semiconductor
Mar 1, 2016,/organization/cliqr-technologies
Feb 3, 2016,/organization/jasper-wireless
Nov 20, 2015,/organization/acano
Oct 28, 2015,/organization/1-mainstream
Oct 27, 2015,/organization/lancope
Oct 26, 2015,/organization/parstream
Oct 12, 2015,/organization/pawaa-software
Oct 1, 2015,/organization/portcullis
Jul 7, 2015,/organization/maintenancenet
Jun 30, 2015,/organization/opendns
Jun 3, 2015,/organization/piston-cloud-computing
May 7, 2015,/organization/tropo
Apr 1, 2015,/organization/embrane
Dec 10, 2014,/organization/ksr
Sep 18, 2014,/organization/memoir-systems
Sep 17, 2014,/organization/metacloud
Jul 27, 2014,/organization/assemblage
Jun 17, 2014,/organization/tail-f-systems
May 21, 2014,/organization/threatgrid
Dec 17, 2013,/organization/collaborate-com
Nov 6, 2013,/organization/insieme
Sep 11, 2013,/organization/whiptail
Jul 23, 2013,/organization/sourcefire
Jun 20, 2013,/organization/composite-software-inc
May 29, 2013,/organization/joulex
Apr 3, 2013,/organization/ubiquisys
Mar 25, 2013,/organization/solvedirect-service-management
Jan 29, 2013,/organization/cognitive-security
Jan 23, 2013,/organization/intucell
Jan 1, 2013,/organization/broadhop
Nov 29, 2012,/organization/cariden-technologies
Nov 20, 2012,/organization/meraki
Nov 15, 2012,/organization/cloupia
Oct 4, 2012,/organization/vcider
Sep 26, 2012,/organization/thinksmart-technologies
Jul 31, 2012,/organization/nds
Jul 16, 2012,/organization/virtuata
May 4, 2012,/organization/truviso
Mar 29, 2012,/organization/clearaccess
Feb 24, 2012,/organization/lightwire
Oct 20, 2011,/organization/bni-video
Aug 29, 2011,/organization/versly
Aug 22, 2011,/organization/axioss
Mar 29, 2011,/organization/newscale
Mar 2, 2011,/organization/pari-networks
Feb 4, 2011,/organization/inlet-technologies
Dec 13, 2010,/organization/linesider-technologies
Sep 2, 2010,/organization/arch-rock-corporationarch-rock-corporation
Aug 26, 2010,/organization/extend-media
May 20, 2010,/organization/coreoptics
May 18, 2010,/organization/moto-development-group
Jan 5, 2010,/organization/rohati-systems
Dec 18, 2009,/organization/starent-networks
Nov 2, 2009,/organization/dvn
Oct 27, 2009,/organization/scansafe
Oct 1, 2009,/organization/tandberg
May 20, 2009,/organization/tidal-software
Mar 19, 2009,/organization/pure-digital-technologies
Jan 27, 2009,/organization/richards-zeta-building-intelligence
Sep 19, 2008,/organization/jabber
Aug 27, 2008,/organization/postpath
Jul 22, 2008,/organization/pure-networks
Jun 10, 2008,/organization/divitech-a-s
May, 2008,/organization/nuova-systems
May, 2008,/organization/fast-data-technology
Nov, 2007,/organization/securent
Oct 23, 2007,/organization/navini-networks
Sep 27, 2007,/organization/latigent
Sep 18, 2007,/organization/cognio
May 22, 2007,/organization/broadware-technologies
Mar 28, 2007,/organization/spans-logic
Mar 15, 2007,/organization/webex
Mar 13, 2007,/organization/neopath-networks
Mar 2, 2007,/organization/tribe
Feb 21, 2007,/organization/reactivity
Feb 8, 2007,/organization/fiveacross
Jan 4, 2007,/organization/ironport
Jan 1, 2007,/organization/qovia
Jan 1, 2007,/organization/qovia
Dec 15, 2006,/organization/tivella
Nov 13, 2006,/organization/greenfield-networks
Oct 25, 2006,/organization/orative-corporation
Aug 21, 2006,/organization/arroyo-video-solutions
Jul 6, 2006,/organization/meetinghouse-data-communications
Jun 28, 2006,/organization/metreos-corporation
Jun 8, 2006,/organization/audium
Mar 7, 2006,/organization/sypixx-networks
Feb 27, 2006,/organization/avisena
Feb 27, 2006,/organization/scientific-atlanta
Nov 29, 2005,/organization/intellishield-alert-manager
Sep 30, 2005,/organization/nemo-systems
Jul 26, 2005,/organization/sheer-networks
Jul 22, 2005,/organization/kiss-technology
Jun 27, 2005,/organization/netsift
Jun 14, 2005,/organization/m-i-secure-corporation
May 26, 2005,/organization/fineground-networks
May 23, 2005,/organization/vihana
Apr 26, 2005,/organization/sipura-technology
Apr 14, 2005,/organization/topspin-communications
Mar 23, 2005,/organization/airespace
Dec 20, 2004,/organization/protego-networks
Dec 9, 2004,/organization/bcn-systems
Nov 17, 2004,/organization/jahi-networks
Oct 21, 2004,/organization/perfigo
Sep 13, 2004,/organization/dynamicsoft
Sep 9, 2004,/organization/netsolve
Aug 23, 2004,/organization/p-cube
Jul 8, 2004,/organization/parc-technologies
Jun 29, 2004,/organization/actona-technologies
Jun 18, 2004,/organization/procket-networks
Mar 23, 2004,/organization/riverhead-networks
Mar 12, 2004,/organization/twingo-systems
Nov 12, 2003,/organization/latitude-communications
Mar 20, 2003,/organization/the-linksys-group
Mar 19, 2003,/organization/signalworks
Jan 24, 2003,/organization/okena
Oct 22, 2002,/organization/psionic-software
Aug 20, 2002,/organization/andiamo-systems
Jul 25, 2002,/organization/ayr-networks
May 1, 2002,/organization/navarro-networks
May 1, 2002,/organization/hammerhead-networks
Jul 27, 2001,/organization/allegro-systems
Jul 16, 2001,/organization/auroranetics
Dec 14, 2000,/organization/exio-communications
Nov 13, 2000,/organization/radiata
Nov 10, 2000,/organization/active-voice-corporation
Oct 20, 2000,/organization/cais-software-solutions
Sep 28, 2000,/organization/ipcell-technologies
Sep 28, 2000,/organization/vovida-networks
Aug 31, 2000,/organization/pixstream
Aug 1, 2000,/organization/ipmobile
Jul 27, 2000,/organization/nuspeed-internet-systems
Jul 25, 2000,/organization/komodo-technology
Jul 7, 2000,/organization/netiverse
Jun 5, 2000,/organization/hynex
May 12, 2000,/organization/qeyton-systems
May 5, 2000,/organization/arrowpoint-communications
Apr 12, 2000,/organization/seagull-semiconductor
Apr 11, 2000,/organization/pentacom
Mar 19, 2000,/organization/sightpath
Mar 17, 2000,/organization/infogear-technology
Mar 16, 2000,/organization/jetcell
Mar 1, 2000,/organization/atlantech-technologies
Feb 16, 2000,/organization/growth-networks
Jan 20, 2000,/organization/compatible-systems
Jan 19, 2000,/organization/altiga-networks
Dec 20, 1999,/organization/pirelli-optical-systems
Dec 17, 1999,/organization/internet-engineering-group
Dec 16, 1999,/organization/worldwide-data-systems
Nov 11, 1999,/organization/v-bits
Nov 9, 1999,/organization/aironet-wireless-communications
Oct 26, 1999,/organization/tasmania-network-systems
Sep 22, 1999,/organization/webline-communications
Sep 15, 1999,/organization/cocom
Aug 26, 1999,/organization/monterey-networks
Aug 26, 1999,/organization/cerent
Aug 18, 1999,/organization/maxcomm-technologies
Aug 16, 1999,/organization/calista
Jun 29, 1999,/organization/stratumone-communications
Jun 17, 1999,/organization/transmedia-communications
Apr 28, 1999,/organization/amteva-technologies
Apr 13, 1999,/organization/geotel-communications
Apr 8, 1999,/organization/sentient-networks
Apr 8, 1999,/organization/fibex-systems
Feb 24, 1999,/organization/selsius-systems
Dec 2, 1998,/organization/pipelinks
Sep 15, 1998,/organization/clarity-wireless
Aug 21, 1998,/organization/american-internet-corporation
Jul 28, 1998,/organization/summa-four
May 4, 1998,/organization/class-data-systems
Mar 11, 1998,/organization/precept-software
Mar 10, 1998,/organization/netspeed
Feb 18, 1998,/organization/wheelgroup
Dec 22, 1997,/organization/lightspeed-international
Jul 29, 1997,/organization/dagaz-technologies
Jun 24, 1997,/organization/ardent-communications
Jun 24, 1997,/organization/global-internet-software-group
Jun 9, 1997,/organization/skystone-systems
Mar 27, 1997,/organization/telesend
Oct 14, 1996,/organization/netsys-technologies
Aug 6, 1996,/organization/nashoba-networks
Jul 23, 1996,/organization/telebit
Apr 22, 1996,/organization/stratacom
Apr 9, 1996,/organization/granite-systems
Apr 9, 1996,/organization/granite-systems
Jan 23, 1996,/organization/tgv-software
Oct 27, 1995,/organization/network-translation
Sep 28, 1995,/organization/grand-junction-networks
Sep 6, 1995,/organization/internet-junction
Aug 10, 1995,/organization/combinet
Dec 8, 1994,/organization/lightstream-corporation
Dec 8, 1994,/organization/lightstream-corporation
Oct 24, 1994,/organization/kalpana
Jul 12, 1994,/organization/newport-systems-solutions
Sep 24, 1993,/organization/crescendo-communications
/organization/symantec,May 28, 2014,/organization/nitrodesk
Jul 18, 2013,/organization/passwordbank
Mar 20, 2012,/organization/nukona
Jan 16, 2012,/organization/liveoffice
May 19, 2011,/organization/clearwell-systems
May 19, 2010,/organization/verisign
Apr 29, 2010,/organization/guardianedge-technologies
Apr 29, 2010,/organization/pgp-corporation
Apr 20, 2009,/organization/mi5-networks
Oct 9, 2008,/organization/messagelabs
Aug 18, 2008,/organization/pc-tools
Jun, 2008,/organization/swapdrive
Apr 9, 2008,/organization/appstream
Nov 5, 2007,/organization/vontu
Feb 7, 2006,/organization/relicore
Jan 3, 2006,/organization/imlogic-inc
Aug 16, 2005,/organization/sygate-technologies
Sep 16, 2004,/organization/stake
Jul 13, 2004,/organization/turntide
May 4, 2004,/organization/brightmail-symantec
Oct 27, 2003,/organization/on-technology
Oct 21, 2003,/organization/safeweb
Sep 23, 2003,/organization/powerquest
Jul 22, 2002,/organization/riptech-inc
Jul 17, 2002,/organization/recourse-technologies
